Country,Total endemics (FW Crabs),Threatened endemics (FW Crabs),EX & EW endemics (FW Crabs),Total endemics (FW Crayfish),Threatened endemics (FW Crayfish),EX & EW endemics (FW Crayfish),Total endemics (Lobsters),Threatened endemics (Lobsters),EX & EW endemics (Lobsters),Total endemics (Dragonflies & Damselflies),Threatened endemics (Dragonflies & Damselflies),EX & EW endemics (Dragonflies & Damselflies),Total endemics (Abalones),Threatened endemics (Abalones),EX & EW endemics (Abalones),Total endemics (Reef-forming Corals),Threatened endemics (Reef-forming Corals),EX & EW endemics (Reef-forming Corals),Region,LC endemics (FW Crayfish),LC endemics (Dragonflies & Damselflies),LC endemics (FW Crabs),LC endemics (Reef-forming Corals),LC endemics (Abalones),LC endemics (Lobsters)
Algeria,0.0,0.0,0.0,0.0,0.0,0.0,0.0,0.0,0.0,1,0,0.0,0,0,0.0,0.0,0.0,0.0,North Africa,0.0,1.0,0.0,0.0,0.0,0.0
Egypt,0.0,0.0,0.0,0.0,0.0,0.0,0.0,0.0,0.0,0,0,0.0,0,0,0.0,0.0,0.0,0.0,North Africa,0.0,0.0,0.0,0.0,0.0,0.0
Libya,0.0,0.0,0.0,0.0,0.0,0.0,0.0,0.0,0.0,0,0,0.0,0,0,0.0,0.0,0.0,0.0,North Africa,0.0,0.0,0.0,0.0,0.0,0.0
Morocco,0.0,0.0,0.0,0.0,0.0,0.0,0.0,0.0,0.0,2,1,0.0,0,0,0.0,0.0,0.0,0.0,North Africa,0.0,1.0,0.0,0.0,0.0,0.0
Tunisia,0.0,0.0,0.0,0.0,0.0,0.0,0.0,0.0,0.0,0,0,0.0,0,0,0.0,0.0,0.0,0.0,North Africa,0.0,0.0,0.0,0.0,0.0,0.0
Western Sahara,0.0,0.0,0.0,0.0,0.0,0.0,0.0,0.0,0.0,0,0,0.0,0,0,0.0,0.0,0.0,0.0,North Africa,0.0,0.0,0.0,0.0,0.0,0.0
Angola,3.0,0.0,0.0,0.0,0.0,0.0,0.0,0.0,0.0,15,0,0.0,0,0,0.0,0.0,0.0,0.0,Sub-Saharan Africa,0.0,15.0,3.0,0.0,0.0,0.0
Benin,0.0,0.0,0.0,0.0,0.0,0.0,0.0,0.0,0.0,0,0,0.0,0,0,0.0,0.0,0.0,0.0,Sub-Saharan Africa,0.0,0.0,0.0,0.0,0.0,0.0
Botswana,0.0,0.0,0.0,0.0,0.0,0.0,0.0,0.0,0.0,1,0,0.0,0,0,0.0,0.0,0.0,0.0,Sub-Saharan Africa,0.0,1.0,0.0,0.0,0.0,0.0
Burkina Faso,0.0,0.0,0.0,0.0,0.0,0.0,0.0,0.0,0.0,0,1,0.0,0,0,0.0,0.0,0.0,0.0,Sub-Saharan Africa,0.0,-1.0,0.0,0.0,0.0,0.0
Burundi,0.0,0.0,0.0,0.0,0.0,0.0,0.0,0.0,0.0,0,0,0.0,0,0,0.0,0.0,0.0,0.0,Sub-Saharan Africa,0.0,0.0,0.0,0.0,0.0,0.0
Cabo Verde,0.0,0.0,0.0,0.0,0.0,0.0,1.0,0.0,0.0,0,0,0.0,0,0,0.0,0.0,0.0,0.0,Sub-Saharan Africa,0.0,0.0,0.0,0.0,0.0,1.0
Cameroon,5.0,2.0,0.0,0.0,0.0,0.0,0.0,0.0,0.0,14,0,0.0,0,0,0.0,0.0,0.0,0.0,Sub-Saharan Africa,0.0,14.0,3.0,0.0,0.0,0.0
Central African Republic,1.0,0.0,0.0,0.0,0.0,0.0,0.0,0.0,0.0,0,1,0.0,0,0,0.0,0.0,0.0,0.0,Sub-Saharan Africa,0.0,-1.0,1.0,0.0,0.0,0.0
Chad,0.0,0.0,0.0,0.0,0.0,0.0,0.0,0.0,0.0,0,0,0.0,0,0,0.0,0.0,0.0,0.0,Sub-Saharan Africa,0.0,0.0,0.0,0.0,0.0,0.0
Comoros,0.0,0.0,0.0,0.0,0.0,0.0,0.0,0.0,0.0,5,0,0.0,0,0,0.0,0.0,0.0,0.0,Sub-Saharan Africa,0.0,5.0,0.0,0.0,0.0,0.0
Congo,0.0,0.0,0.0,0.0,0.0,0.0,0.0,0.0,0.0,1,0,0.0,0,0,0.0,0.0,0.0,0.0,Sub-Saharan Africa,0.0,1.0,0.0,0.0,0.0,0.0
"Congo, The Democratic Republic of the",13.0,1.0,0.0,0.0,0.0,0.0,0.0,0.0,0.0,42,0,0.0,0,0,0.0,0.0,0.0,0.0,Sub-Saharan Africa,0.0,42.0,12.0,0.0,0.0,0.0
Côte d'Ivoire,0.0,0.0,0.0,0.0,0.0,0.0,0.0,0.0,0.0,4,0,0.0,0,0,0.0,0.0,0.0,0.0,Sub-Saharan Africa,0.0,4.0,0.0,0.0,0.0,0.0
Djibouti,0.0,0.0,0.0,0.0,0.0,0.0,0.0,0.0,0.0,0,6,0.0,0,0,0.0,0.0,0.0,0.0,Sub-Saharan Africa,0.0,-6.0,0.0,0.0,0.0,0.0
Equatorial Guinea,0.0,0.0,0.0,0.0,0.0,0.0,0.0,0.0,0.0,1,0,0.0,0,0,0.0,0.0,0.0,0.0,Sub-Saharan Africa,0.0,1.0,0.0,0.0,0.0,0.0
Eritrea,0.0,0.0,0.0,0.0,0.0,0.0,0.0,0.0,0.0,0,0,0.0,0,0,0.0,0.0,0.0,0.0,Sub-Saharan Africa,0.0,0.0,0.0,0.0,0.0,0.0
Eswatini,0.0,0.0,0.0,0.0,0.0,0.0,0.0,0.0,0.0,0,2,0.0,0,0,0.0,0.0,0.0,0.0,Sub-Saharan Africa,0.0,-2.0,0.0,0.0,0.0,0.0
Ethiopia,2.0,1.0,0.0,0.0,0.0,0.0,0.0,0.0,0.0,11,0,0.0,0,0,0.0,0.0,0.0,0.0,Sub-Saharan Africa,0.0,11.0,1.0,0.0,0.0,0.0
Gabon,0.0,0.0,0.0,0.0,0.0,0.0,0.0,0.0,0.0,19,4,0.0,0,0,0.0,0.0,0.0,0.0,Sub-Saharan Africa,0.0,15.0,0.0,0.0,0.0,0.0
Gambia,0.0,0.0,0.0,0.0,0.0,0.0,0.0,0.0,0.0,0,1,0.0,0,0,0.0,0.0,0.0,0.0,Sub-Saharan Africa,0.0,-1.0,0.0,0.0,0.0,0.0
Ghana,1.0,1.0,0.0,0.0,0.0,0.0,0.0,0.0,0.0,0,0,0.0,0,0,0.0,0.0,0.0,0.0,Sub-Saharan Africa,0.0,0.0,0.0,0.0,0.0,0.0
Guinea,2.0,1.0,0.0,0.0,0.0,0.0,0.0,0.0,0.0,0,0,0.0,0,0,0.0,0.0,0.0,0.0,Sub-Saharan Africa,0.0,0.0,1.0,0.0,0.0,0.0
Guinea-Bissau,0.0,0.0,0.0,0.0,0.0,0.0,0.0,0.0,0.0,0,0,0.0,0,0,0.0,0.0,0.0,0.0,Sub-Saharan Africa,0.0,0.0,0.0,0.0,0.0,0.0
Kenya,7.0,1.0,0.0,0.0,0.0,0.0,1.0,0.0,0.0,2,0,0.0,0,0,0.0,0.0,0.0,0.0,Sub-Saharan Africa,0.0,2.0,6.0,0.0,0.0,1.0
Lesotho,0.0,0.0,0.0,0.0,0.0,0.0,0.0,0.0,0.0,0,8,0.0,0,0,0.0,0.0,0.0,0.0,Sub-Saharan Africa,0.0,-8.0,0.0,0.0,0.0,0.0
Liberia,3.0,3.0,0.0,0.0,0.0,0.0,0.0,0.0,0.0,3,1,0.0,0,0,0.0,0.0,0.0,0.0,Sub-Saharan Africa,0.0,2.0,0.0,0.0,0.0,0.0
Madagascar,17.0,1.0,0.0,7.0,4.0,0.0,1.0,0.0,0.0,134,0,0.0,1,0,0.0,1.0,1.0,0.0,Sub-Saharan Africa,3.0,134.0,16.0,0.0,1.0,1.0
Malawi,1.0,0.0,0.0,0.0,0.0,0.0,0.0,0.0,0.0,3,0,0.0,0,0,0.0,0.0,0.0,0.0,Sub-Saharan Africa,0.0,3.0,1.0,0.0,0.0,0.0
Mali,0.0,0.0,0.0,0.0,0.0,0.0,0.0,0.0,0.0,0,0,0.0,0,0,0.0,0.0,0.0,0.0,Sub-Saharan Africa,0.0,0.0,0.0,0.0,0.0,0.0
Mauritania,0.0,0.0,0.0,0.0,0.0,0.0,0.0,0.0,0.0,0,0,0.0,0,0,0.0,0.0,0.0,0.0,Sub-Saharan Africa,0.0,0.0,0.0,0.0,0.0,0.0
Mauritius,0.0,0.0,0.0,0.0,0.0,0.0,0.0,0.0,0.0,7,1,0.0,0,0,0.0,2.0,0.0,0.0,Sub-Saharan Africa,0.0,6.0,0.0,2.0,0.0,0.0
Mayotte,0.0,0.0,0.0,0.0,0.0,0.0,0.0,0.0,0.0,3,0,0.0,0,0,0.0,0.0,0.0,0.0,Sub-Saharan Africa,0.0,3.0,0.0,0.0,0.0,0.0
Mozambique,1.0,0.0,0.0,0.0,0.0,0.0,1.0,0.0,0.0,0,1,0.0,0,0,0.0,0.0,0.0,0.0,Sub-Saharan Africa,0.0,-1.0,1.0,0.0,0.0,1.0
Namibia,0.0,0.0,0.0,0.0,0.0,0.0,0.0,0.0,0.0,1,2,0.0,0,0,0.0,0.0,0.0,0.0,Sub-Saharan Africa,0.0,-1.0,0.0,0.0,0.0,0.0
Niger,0.0,0.0,0.0,0.0,0.0,0.0,0.0,0.0,0.0,0,2,0.0,0,0,0.0,0.0,0.0,0.0,Sub-Saharan Africa,0.0,-2.0,0.0,0.0,0.0,0.0
Nigeria,2.0,0.0,0.0,0.0,0.0,0.0,0.0,0.0,0.0,3,0,0.0,0,0,0.0,0.0,0.0,0.0,Sub-Saharan Africa,0.0,3.0,2.0,0.0,0.0,0.0
Réunion,0.0,0.0,0.0,0.0,0.0,0.0,1.0,0.0,0.0,2,0,0.0,0,0,0.0,0.0,0.0,0.0,Sub-Saharan Africa,0.0,2.0,0.0,0.0,0.0,1.0
Rwanda,1.0,0.0,0.0,0.0,0.0,0.0,0.0,0.0,0.0,1,4,0.0,0,0,0.0,0.0,0.0,0.0,Sub-Saharan Africa,0.0,-3.0,1.0,0.0,0.0,0.0
"Saint Helena, Ascension and Tristan da Cunha",0.0,0.0,0.0,0.0,0.0,0.0,2.0,0.0,0.0,1,1,1.0,0,0,0.0,0.0,0.0,0.0,Sub-Saharan Africa,0.0,-1.0,0.0,0.0,0.0,2.0
Sao Tome and Principe,2.0,0.0,0.0,0.0,0.0,0.0,0.0,0.0,0.0,1,0,0.0,1,1,0.0,0.0,0.0,0.0,Sub-Saharan Africa,0.0,1.0,2.0,0.0,0.0,0.0
Senegal,2.0,0.0,0.0,0.0,0.0,0.0,0.0,0.0,0.0,1,0,0.0,0,0,0.0,0.0,0.0,0.0,Sub-Saharan Africa,0.0,1.0,2.0,0.0,0.0,0.0
Seychelles,3.0,1.0,0.0,0.0,0.0,0.0,0.0,0.0,0.0,4,0,0.0,0,0,0.0,0.0,0.0,0.0,Sub-Saharan Africa,0.0,4.0,2.0,0.0,0.0,0.0
Sierra Leone,2.0,2.0,0.0,0.0,0.0,0.0,0.0,0.0,0.0,7,2,0.0,0,0,0.0,0.0,0.0,0.0,Sub-Saharan Africa,0.0,5.0,0.0,0.0,0.0,0.0
Somalia,0.0,0.0,0.0,0.0,0.0,0.0,0.0,0.0,0.0,0,0,0.0,0,0,0.0,0.0,0.0,0.0,Sub-Saharan Africa,0.0,0.0,0.0,0.0,0.0,0.0
South Africa,18.0,3.0,0.0,0.0,0.0,0.0,1.0,0.0,0.0,26,1,0.0,4,1,0.0,0.0,0.0,0.0,Sub-Saharan Africa,0.0,25.0,15.0,0.0,3.0,1.0
South Sudan,0.0,0.0,0.0,0.0,0.0,0.0,0.0,0.0,0.0,0,0,0.0,0,0,0.0,0.0,0.0,0.0,Sub-Saharan Africa,0.0,0.0,0.0,0.0,0.0,0.0
Sudan,0.0,0.0,0.0,0.0,0.0,0.0,0.0,0.0,0.0,0,0,0.0,0,0,0.0,0.0,0.0,0.0,Sub-Saharan Africa,0.0,0.0,0.0,0.0,0.0,0.0
"Tanzania, United Republic of",6.0,4.0,0.0,0.0,0.0,0.0,0.0,0.0,0.0,6,1,0.0,0,0,0.0,0.0,0.0,0.0,Sub-Saharan Africa,0.0,5.0,2.0,0.0,0.0,0.0
Togo,0.0,0.0,0.0,0.0,0.0,0.0,0.0,0.0,0.0,2,2,0.0,0,0,0.0,0.0,0.0,0.0,Sub-Saharan Africa,0.0,0.0,0.0,0.0,0.0,0.0
Uganda,6.0,1.0,0.0,0.0,0.0,0.0,0.0,0.0,0.0,4,2,0.0,0,0,0.0,0.0,0.0,0.0,Sub-Saharan Africa,0.0,2.0,5.0,0.0,0.0,0.0
Zambia,1.0,0.0,0.0,0.0,0.0,0.0,0.0,0.0,0.0,6,0,0.0,0,0,0.0,0.0,0.0,0.0,Sub-Saharan Africa,0.0,6.0,1.0,0.0,0.0,0.0
Zimbabwe,0.0,0.0,0.0,0.0,0.0,0.0,0.0,0.0,0.0,4,10,0.0,0,0,0.0,0.0,0.0,0.0,Sub-Saharan Africa,0.0,-6.0,0.0,0.0,0.0,0.0
Antarctica,0.0,0.0,0.0,0.0,0.0,0.0,0.0,0.0,0.0,0,0,0.0,0,0,0.0,0.0,0.0,0.0,Antarctic,0.0,0.0,0.0,0.0,0.0,0.0
Bouvet Island,0.0,0.0,0.0,0.0,0.0,0.0,0.0,0.0,0.0,0,0,0.0,0,0,0.0,0.0,0.0,0.0,Antarctic,0.0,0.0,0.0,0.0,0.0,0.0
French Southern Territories,0.0,0.0,0.0,0.0,0.0,0.0,1.0,0.0,0.0,0,0,0.0,0,0,0.0,0.0,0.0,0.0,Antarctic,0.0,0.0,0.0,0.0,0.0,1.0
Heard Island and McDonald Islands,0.0,0.0,0.0,0.0,0.0,0.0,0.0,0.0,0.0,0,0,0.0,0,0,0.0,0.0,0.0,0.0,Antarctic,0.0,0.0,0.0,0.0,0.0,0.0
South Georgia and the South Sandwich Islands,0.0,0.0,0.0,0.0,0.0,0.0,0.0,0.0,0.0,0,0,0.0,0,0,0.0,0.0,0.0,0.0,Antarctic,0.0,0.0,0.0,0.0,0.0,0.0
China,214.0,4.0,0.0,0.0,0.0,0.0,0.0,0.0,0.0,284,17,0.0,0,0,0.0,0.0,0.0,0.0,East Asia,0.0,267.0,210.0,0.0,0.0,0.0
Hong Kong,4.0,2.0,0.0,0.0,0.0,0.0,0.0,0.0,0.0,0,0,0.0,0,0,0.0,0.0,0.0,0.0,East Asia,0.0,0.0,2.0,0.0,0.0,0.0
Japan,21.0,2.0,0.0,1.0,0.0,0.0,4.0,0.0,0.0,30,14,0.0,0,0,0.0,4.0,2.0,0.0,East Asia,1.0,16.0,19.0,2.0,0.0,4.0
"Korea, Democratic People's Republic of",0.0,0.0,0.0,0.0,0.0,0.0,0.0,0.0,0.0,0,0,0.0,0,0,0.0,0.0,0.0,0.0,East Asia,0.0,0.0,0.0,0.0,0.0,0.0
"Korea, Republic of",0.0,0.0,0.0,0.0,0.0,0.0,0.0,0.0,0.0,1,1,0.0,0,0,0.0,0.0,0.0,0.0,East Asia,0.0,0.0,0.0,0.0,0.0,0.0
Macao,0.0,0.0,0.0,0.0,0.0,0.0,0.0,0.0,0.0,0,0,0.0,0,0,0.0,0.0,0.0,0.0,East Asia,0.0,0.0,0.0,0.0,0.0,0.0
Mongolia,0.0,0.0,0.0,0.0,0.0,0.0,0.0,0.0,0.0,0,0,0.0,0,0,0.0,0.0,0.0,0.0,East Asia,0.0,0.0,0.0,0.0,0.0,0.0
"Taiwan, Province of China",34.0,11.0,0.0,0.0,0.0,0.0,2.0,0.0,0.0,5,1,0.0,0,0,0.0,1.0,0.0,0.0,East Asia,0.0,4.0,23.0,1.0,0.0,2.0
Belarus,0.0,0.0,0.0,0.0,0.0,0.0,0.0,0.0,0.0,0,0,0.0,0,0,0.0,0.0,0.0,0.0,North Asia,0.0,0.0,0.0,0.0,0.0,0.0
"Moldova, Republic of",0.0,0.0,0.0,0.0,0.0,0.0,0.0,0.0,0.0,0,0,0.0,0,0,0.0,0.0,0.0,0.0,North Asia,0.0,0.0,0.0,0.0,0.0,0.0
Russian Federation,0.0,0.0,0.0,0.0,0.0,0.0,0.0,0.0,0.0,0,0,0.0,0,0,0.0,0.0,0.0,0.0,North Asia,0.0,0.0,0.0,0.0,0.0,0.0
Ukraine,0.0,0.0,0.0,0.0,0.0,0.0,0.0,0.0,0.0,0,0,0.0,0,0,0.0,0.0,0.0,0.0,North Asia,0.0,0.0,0.0,0.0,0.0,0.0
Bangladesh,0.0,0.0,0.0,0.0,0.0,0.0,0.0,0.0,0.0,0,0,0.0,0,0,0.0,0.0,0.0,0.0,South & Southeast Asia,0.0,0.0,0.0,0.0,0.0,0.0
Bhutan,1.0,0.0,0.0,0.0,0.0,0.0,0.0,0.0,0.0,3,0,0.0,0,0,0.0,0.0,0.0,0.0,South & Southeast Asia,0.0,3.0,1.0,0.0,0.0,0.0
British Indian Ocean Territory,0.0,0.0,0.0,0.0,0.0,0.0,0.0,0.0,0.0,0,0,0.0,0,0,0.0,0.0,0.0,0.0,South & Southeast Asia,0.0,0.0,0.0,0.0,0.0,0.0
Brunei Darussalam,1.0,0.0,0.0,0.0,0.0,0.0,0.0,0.0,0.0,2,0,0.0,0,0,0.0,0.0,0.0,0.0,South & Southeast Asia,0.0,2.0,1.0,0.0,0.0,0.0
Cambodia,1.0,0.0,0.0,0.0,0.0,0.0,0.0,0.0,0.0,1,0,0.0,0,0,0.0,0.0,0.0,0.0,South & Southeast Asia,0.0,1.0,1.0,0.0,0.0,0.0
Disputed Territory,0.0,0.0,0.0,0.0,0.0,0.0,0.0,0.0,0.0,0,0,0.0,0,0,0.0,0.0,0.0,0.0,South & Southeast Asia,0.0,0.0,0.0,0.0,0.0,0.0
India,61.0,3.0,0.0,0.0,0.0,0.0,0.0,0.0,0.0,184,13,0.0,0,0,0.0,3.0,0.0,0.0,South & Southeast Asia,0.0,171.0,58.0,3.0,0.0,0.0
Indonesia,71.0,13.0,0.0,5.0,1.0,0.0,2.0,0.0,0.0,441,46,0.0,0,0,0.0,9.0,5.0,0.0,South & Southeast Asia,4.0,395.0,58.0,4.0,0.0,2.0
Lao People's Democratic Republic,13.0,3.0,0.0,0.0,0.0,0.0,0.0,0.0,0.0,19,1,0.0,0,0,0.0,0.0,0.0,0.0,South & Southeast Asia,0.0,18.0,10.0,0.0,0.0,0.0
Malaysia,76.0,28.0,0.0,0.0,0.0,0.0,0.0,0.0,0.0,77,25,0.0,0,0,0.0,2.0,1.0,0.0,South & Southeast Asia,0.0,52.0,48.0,1.0,0.0,0.0
Maldives,0.0,0.0,0.0,0.0,0.0,0.0,0.0,0.0,0.0,1,0,0.0,0,0,0.0,3.0,0.0,0.0,South & Southeast Asia,0.0,1.0,0.0,3.0,0.0,0.0
Myanmar,24.0,1.0,0.0,0.0,0.0,0.0,0.0,0.0,0.0,33,0,0.0,0,0,0.0,0.0,0.0,0.0,South & Southeast Asia,0.0,33.0,23.0,0.0,0.0,0.0
Nepal,0.0,0.0,0.0,0.0,0.0,0.0,0.0,0.0,0.0,4,1,0.0,0,0,0.0,0.0,0.0,0.0,South & Southeast Asia,0.0,3.0,0.0,0.0,0.0,0.0
Philippines,41.0,4.0,0.0,0.0,0.0,0.0,3.0,0.0,0.0,198,123,0.0,0,0,0.0,9.0,1.0,0.0,South & Southeast Asia,0.0,75.0,37.0,8.0,0.0,3.0
Singapore,3.0,3.0,0.0,0.0,0.0,0.0,0.0,0.0,0.0,0,0,0.0,0,0,0.0,0.0,0.0,0.0,South & Southeast Asia,0.0,0.0,0.0,0.0,0.0,0.0
Sri Lanka,50.0,40.0,0.0,0.0,0.0,0.0,0.0,0.0,0.0,55,44,0.0,0,0,0.0,1.0,0.0,0.0,South & Southeast Asia,0.0,11.0,10.0,1.0,0.0,0.0
Thailand,89.0,16.0,0.0,0.0,0.0,0.0,0.0,0.0,0.0,24,3,0.0,0,0,0.0,1.0,0.0,0.0,South & Southeast Asia,0.0,21.0,73.0,1.0,0.0,0.0
Timor-Leste,0.0,0.0,0.0,0.0,0.0,0.0,0.0,0.0,0.0,0,0,0.0,0,0,0.0,0.0,0.0,0.0,South & Southeast Asia,0.0,0.0,0.0,0.0,0.0,0.0
Viet Nam,40.0,5.0,0.0,0.0,0.0,0.0,0.0,0.0,0.0,108,37,0.0,0,0,0.0,2.0,0.0,0.0,South & Southeast Asia,0.0,71.0,35.0,2.0,0.0,0.0
Afghanistan,1.0,0.0,0.0,0.0,0.0,0.0,0.0,0.0,0.0,0,0,0.0,0,0,0.0,0.0,0.0,0.0,West & Central Asia,0.0,0.0,1.0,0.0,0.0,0.0
Armenia,0.0,0.0,0.0,0.0,0.0,0.0,0.0,0.0,0.0,0,0,0.0,0,0,0.0,0.0,0.0,0.0,West & Central Asia,0.0,0.0,0.0,0.0,0.0,0.0
Azerbaijan,0.0,0.0,0.0,0.0,0.0,0.0,0.0,0.0,0.0,0,0,0.0,0,0,0.0,0.0,0.0,0.0,West & Central Asia,0.0,0.0,0.0,0.0,0.0,0.0
Bahrain,0.0,0.0,0.0,0.0,0.0,0.0,0.0,0.0,0.0,0,0,0.0,0,0,0.0,0.0,0.0,0.0,West & Central Asia,0.0,0.0,0.0,0.0,0.0,0.0
Cyprus,0.0,0.0,0.0,0.0,0.0,0.0,0.0,0.0,0.0,0,0,0.0,0,0,0.0,0.0,0.0,0.0,West & Central Asia,0.0,0.0,0.0,0.0,0.0,0.0
Georgia,0.0,0.0,0.0,0.0,0.0,0.0,0.0,0.0,0.0,0,0,0.0,0,0,0.0,0.0,0.0,0.0,West & Central Asia,0.0,0.0,0.0,0.0,0.0,0.0
"Iran, Islamic Republic of",3.0,0.0,0.0,0.0,0.0,0.0,0.0,0.0,0.0,2,0,0.0,0,0,0.0,0.0,0.0,0.0,West & Central Asia,0.0,2.0,3.0,0.0,0.0,0.0
Iraq,0.0,0.0,0.0,0.0,0.0,0.0,0.0,0.0,0.0,0,0,0.0,0,0,0.0,0.0,0.0,0.0,West & Central Asia,0.0,0.0,0.0,0.0,0.0,0.0
Israel,0.0,0.0,0.0,0.0,0.0,0.0,0.0,0.0,0.0,0,0,0.0,0,0,0.0,0.0,0.0,0.0,West & Central Asia,0.0,0.0,0.0,0.0,0.0,0.0
Jordan,0.0,0.0,0.0,0.0,0.0,0.0,0.0,0.0,0.0,0,0,0.0,0,0,0.0,0.0,0.0,0.0,West & Central Asia,0.0,0.0,0.0,0.0,0.0,0.0
Kazakhstan,0.0,0.0,0.0,0.0,0.0,0.0,0.0,0.0,0.0,0,0,0.0,0,0,0.0,0.0,0.0,0.0,West & Central Asia,0.0,0.0,0.0,0.0,0.0,0.0
Kuwait,0.0,0.0,0.0,0.0,0.0,0.0,0.0,0.0,0.0,0,0,0.0,0,0,0.0,0.0,0.0,0.0,West & Central Asia,0.0,0.0,0.0,0.0,0.0,0.0
Kyrgyzstan,0.0,0.0,0.0,0.0,0.0,0.0,0.0,0.0,0.0,0,0,0.0,0,0,0.0,0.0,0.0,0.0,West & Central Asia,0.0,0.0,0.0,0.0,0.0,0.0
Lebanon,0.0,0.0,0.0,0.0,0.0,0.0,0.0,0.0,0.0,0,0,0.0,0,0,0.0,0.0,0.0,0.0,West & Central Asia,0.0,0.0,0.0,0.0,0.0,0.0
Oman,0.0,0.0,0.0,0.0,0.0,0.0,0.0,0.0,0.0,1,1,0.0,1,1,0.0,0.0,0.0,0.0,West & Central Asia,0.0,0.0,0.0,0.0,0.0,0.0
Pakistan,1.0,0.0,0.0,0.0,0.0,0.0,0.0,0.0,0.0,6,0,0.0,0,0,0.0,0.0,0.0,0.0,West & Central Asia,0.0,6.0,1.0,0.0,0.0,0.0
"Palestine, State of",0.0,0.0,0.0,0.0,0.0,0.0,0.0,0.0,0.0,0,0,0.0,0,0,0.0,0.0,0.0,0.0,West & Central Asia,0.0,0.0,0.0,0.0,0.0,0.0
Qatar,0.0,0.0,0.0,0.0,0.0,0.0,0.0,0.0,0.0,0,0,0.0,0,0,0.0,0.0,0.0,0.0,West & Central Asia,0.0,0.0,0.0,0.0,0.0,0.0
Saudi Arabia,0.0,0.0,0.0,0.0,0.0,0.0,0.0,0.0,0.0,0,0,0.0,0,0,0.0,2.0,1.0,0.0,West & Central Asia,0.0,0.0,0.0,1.0,0.0,0.0
Syrian Arab Republic,0.0,0.0,0.0,0.0,0.0,0.0,0.0,0.0,0.0,0,0,0.0,0,0,0.0,0.0,0.0,0.0,West & Central Asia,0.0,0.0,0.0,0.0,0.0,0.0
Tajikistan,0.0,0.0,0.0,0.0,0.0,0.0,0.0,0.0,0.0,0,0,0.0,0,0,0.0,0.0,0.0,0.0,West & Central Asia,0.0,0.0,0.0,0.0,0.0,0.0
Türkiye,2.0,1.0,0.0,0.0,0.0,0.0,0.0,0.0,0.0,0,0,0.0,0,0,0.0,0.0,0.0,0.0,West & Central Asia,0.0,0.0,1.0,0.0,0.0,0.0
Turkmenistan,0.0,0.0,0.0,0.0,0.0,0.0,0.0,0.0,0.0,0,0,0.0,0,0,0.0,0.0,0.0,0.0,West & Central Asia,0.0,0.0,0.0,0.0,0.0,0.0
United Arab Emirates,0.0,0.0,0.0,0.0,0.0,0.0,0.0,0.0,0.0,0,0,0.0,0,0,0.0,0.0,0.0,0.0,West & Central Asia,0.0,0.0,0.0,0.0,0.0,0.0
Uzbekistan,0.0,0.0,0.0,0.0,0.0,0.0,0.0,0.0,0.0,0,0,0.0,0,0,0.0,0.0,0.0,0.0,West & Central Asia,0.0,0.0,0.0,0.0,0.0,0.0
Yemen,3.0,0.0,0.0,0.0,0.0,0.0,0.0,0.0,0.0,2,1,0.0,0,0,0.0,1.0,1.0,0.0,West & Central Asia,0.0,1.0,3.0,0.0,0.0,0.0
Åland Islands,0.0,0.0,0.0,0.0,0.0,0.0,0.0,0.0,0.0,0,0,0.0,0,0,0.0,0.0,0.0,0.0,Europe,0.0,0.0,0.0,0.0,0.0,0.0
Albania,0.0,0.0,0.0,0.0,0.0,0.0,0.0,0.0,0.0,0,0,0.0,0,0,0.0,0.0,0.0,0.0,Europe,0.0,0.0,0.0,0.0,0.0,0.0
Andorra,0.0,0.0,0.0,0.0,0.0,0.0,0.0,0.0,0.0,0,0,0.0,0,0,0.0,0.0,0.0,0.0,Europe,0.0,0.0,0.0,0.0,0.0,0.0
Austria,0.0,0.0,0.0,0.0,0.0,0.0,0.0,0.0,0.0,0,0,0.0,0,0,0.0,0.0,0.0,0.0,Europe,0.0,0.0,0.0,0.0,0.0,0.0
Belgium,0.0,0.0,0.0,0.0,0.0,0.0,0.0,0.0,0.0,0,0,0.0,0,0,0.0,0.0,0.0,0.0,Europe,0.0,0.0,0.0,0.0,0.0,0.0
Bosnia and Herzegovina,0.0,0.0,0.0,0.0,0.0,0.0,0.0,0.0,0.0,0,0,0.0,0,0,0.0,0.0,0.0,0.0,Europe,0.0,0.0,0.0,0.0,0.0,0.0
Bulgaria,0.0,0.0,0.0,0.0,0.0,0.0,0.0,0.0,0.0,0,0,0.0,0,0,0.0,0.0,0.0,0.0,Europe,0.0,0.0,0.0,0.0,0.0,0.0
Croatia,0.0,0.0,0.0,0.0,0.0,0.0,0.0,0.0,0.0,0,0,0.0,0,0,0.0,0.0,0.0,0.0,Europe,0.0,0.0,0.0,0.0,0.0,0.0
Czechia,0.0,0.0,0.0,0.0,0.0,0.0,0.0,0.0,0.0,0,0,0.0,0,0,0.0,0.0,0.0,0.0,Europe,0.0,0.0,0.0,0.0,0.0,0.0
Denmark,0.0,0.0,0.0,0.0,0.0,0.0,0.0,0.0,0.0,0,0,0.0,0,0,0.0,0.0,0.0,0.0,Europe,0.0,0.0,0.0,0.0,0.0,0.0
Estonia,0.0,0.0,0.0,0.0,0.0,0.0,0.0,0.0,0.0,0,0,0.0,0,0,0.0,0.0,0.0,0.0,Europe,0.0,0.0,0.0,0.0,0.0,0.0
Faroe Islands,0.0,0.0,0.0,0.0,0.0,0.0,0.0,0.0,0.0,0,0,0.0,0,0,0.0,0.0,0.0,0.0,Europe,0.0,0.0,0.0,0.0,0.0,0.0
Finland,0.0,0.0,0.0,0.0,0.0,0.0,0.0,0.0,0.0,0,0,0.0,0,0,0.0,0.0,0.0,0.0,Europe,0.0,0.0,0.0,0.0,0.0,0.0
France,0.0,0.0,0.0,0.0,0.0,0.0,0.0,0.0,0.0,0,0,0.0,0,0,0.0,0.0,0.0,0.0,Europe,0.0,0.0,0.0,0.0,0.0,0.0
Germany,0.0,0.0,0.0,0.0,0.0,0.0,0.0,0.0,0.0,0,0,0.0,0,0,0.0,0.0,0.0,0.0,Europe,0.0,0.0,0.0,0.0,0.0,0.0
Gibraltar,0.0,0.0,0.0,0.0,0.0,0.0,0.0,0.0,0.0,0,0,0.0,0,0,0.0,0.0,0.0,0.0,Europe,0.0,0.0,0.0,0.0,0.0,0.0
Greece,0.0,0.0,0.0,0.0,0.0,0.0,0.0,0.0,0.0,3,3,0.0,0,0,0.0,0.0,0.0,0.0,Europe,0.0,0.0,0.0,0.0,0.0,0.0
Greenland,0.0,0.0,0.0,0.0,0.0,0.0,0.0,0.0,0.0,0,0,0.0,0,0,0.0,0.0,0.0,0.0,Europe,0.0,0.0,0.0,0.0,0.0,0.0
Guernsey,0.0,0.0,0.0,0.0,0.0,0.0,0.0,0.0,0.0,0,0,0.0,0,0,0.0,0.0,0.0,0.0,Europe,0.0,0.0,0.0,0.0,0.0,0.0
Holy See (Vatican City State),0.0,0.0,0.0,0.0,0.0,0.0,0.0,0.0,0.0,0,0,0.0,0,0,0.0,0.0,0.0,0.0,Europe,0.0,0.0,0.0,0.0,0.0,0.0
Hungary,0.0,0.0,0.0,0.0,0.0,0.0,0.0,0.0,0.0,0,0,0.0,0,0,0.0,0.0,0.0,0.0,Europe,0.0,0.0,0.0,0.0,0.0,0.0
Iceland,0.0,0.0,0.0,0.0,0.0,0.0,0.0,0.0,0.0,0,0,0.0,0,0,0.0,0.0,0.0,0.0,Europe,0.0,0.0,0.0,0.0,0.0,0.0
Ireland,0.0,0.0,0.0,0.0,0.0,0.0,0.0,0.0,0.0,0,0,0.0,0,0,0.0,0.0,0.0,0.0,Europe,0.0,0.0,0.0,0.0,0.0,0.0
Isle of Man,0.0,0.0,0.0,0.0,0.0,0.0,0.0,0.0,0.0,0,0,0.0,0,0,0.0,0.0,0.0,0.0,Europe,0.0,0.0,0.0,0.0,0.0,0.0
Italy,0.0,0.0,0.0,0.0,0.0,0.0,0.0,0.0,0.0,2,1,0.0,0,0,0.0,0.0,0.0,0.0,Europe,0.0,1.0,0.0,0.0,0.0,0.0
Jersey,0.0,0.0,0.0,0.0,0.0,0.0,0.0,0.0,0.0,0,0,0.0,0,0,0.0,0.0,0.0,0.0,Europe,0.0,0.0,0.0,0.0,0.0,0.0
Latvia,0.0,0.0,0.0,0.0,0.0,0.0,0.0,0.0,0.0,0,0,0.0,0,0,0.0,0.0,0.0,0.0,Europe,0.0,0.0,0.0,0.0,0.0,0.0
Liechtenstein,0.0,0.0,0.0,0.0,0.0,0.0,0.0,0.0,0.0,0,0,0.0,0,0,0.0,0.0,0.0,0.0,Europe,0.0,0.0,0.0,0.0,0.0,0.0
Lithuania,0.0,0.0,0.0,0.0,0.0,0.0,0.0,0.0,0.0,0,0,0.0,0,0,0.0,0.0,0.0,0.0,Europe,0.0,0.0,0.0,0.0,0.0,0.0
Luxembourg,0.0,0.0,0.0,0.0,0.0,0.0,0.0,0.0,0.0,0,0,0.0,0,0,0.0,0.0,0.0,0.0,Europe,0.0,0.0,0.0,0.0,0.0,0.0
Malta,0.0,0.0,0.0,0.0,0.0,0.0,0.0,0.0,0.0,0,0,0.0,0,0,0.0,0.0,0.0,0.0,Europe,0.0,0.0,0.0,0.0,0.0,0.0
Monaco,0.0,0.0,0.0,0.0,0.0,0.0,0.0,0.0,0.0,0,0,0.0,0,0,0.0,0.0,0.0,0.0,Europe,0.0,0.0,0.0,0.0,0.0,0.0
Montenegro,0.0,0.0,0.0,0.0,0.0,0.0,0.0,0.0,0.0,0,0,0.0,0,0,0.0,0.0,0.0,0.0,Europe,0.0,0.0,0.0,0.0,0.0,0.0
Netherlands,0.0,0.0,0.0,0.0,0.0,0.0,0.0,0.0,0.0,0,0,0.0,0,0,0.0,0.0,0.0,0.0,Europe,0.0,0.0,0.0,0.0,0.0,0.0
North Macedonia,0.0,0.0,0.0,0.0,0.0,0.0,0.0,0.0,0.0,0,0,0.0,0,0,0.0,0.0,0.0,0.0,Europe,0.0,0.0,0.0,0.0,0.0,0.0
Norway,0.0,0.0,0.0,0.0,0.0,0.0,0.0,0.0,0.0,0,0,0.0,0,0,0.0,0.0,0.0,0.0,Europe,0.0,0.0,0.0,0.0,0.0,0.0
Poland,0.0,0.0,0.0,0.0,0.0,0.0,0.0,0.0,0.0,0,0,0.0,0,0,0.0,0.0,0.0,0.0,Europe,0.0,0.0,0.0,0.0,0.0,0.0
Portugal,0.0,0.0,0.0,0.0,0.0,0.0,0.0,0.0,0.0,0,0,0.0,0,0,0.0,0.0,0.0,0.0,Europe,0.0,0.0,0.0,0.0,0.0,0.0
Romania,0.0,0.0,0.0,0.0,0.0,0.0,0.0,0.0,0.0,0,0,0.0,0,0,0.0,0.0,0.0,0.0,Europe,0.0,0.0,0.0,0.0,0.0,0.0
San Marino,0.0,0.0,0.0,0.0,0.0,0.0,0.0,0.0,0.0,0,0,0.0,0,0,0.0,0.0,0.0,0.0,Europe,0.0,0.0,0.0,0.0,0.0,0.0
Serbia,0.0,0.0,0.0,0.0,0.0,0.0,0.0,0.0,0.0,0,0,0.0,0,0,0.0,0.0,0.0,0.0,Europe,0.0,0.0,0.0,0.0,0.0,0.0
Slovakia,0.0,0.0,0.0,0.0,0.0,0.0,0.0,0.0,0.0,0,0,0.0,0,0,0.0,0.0,0.0,0.0,Europe,0.0,0.0,0.0,0.0,0.0,0.0
Slovenia,0.0,0.0,0.0,0.0,0.0,0.0,0.0,0.0,0.0,0,0,0.0,0,0,0.0,0.0,0.0,0.0,Europe,0.0,0.0,0.0,0.0,0.0,0.0
Spain,0.0,0.0,0.0,0.0,0.0,0.0,0.0,0.0,0.0,1,1,0.0,0,0,0.0,0.0,0.0,0.0,Europe,0.0,0.0,0.0,0.0,0.0,0.0
Svalbard and Jan Mayen,0.0,0.0,0.0,0.0,0.0,0.0,0.0,0.0,0.0,0,0,0.0,0,0,0.0,0.0,0.0,0.0,Europe,0.0,0.0,0.0,0.0,0.0,0.0
Sweden,0.0,0.0,0.0,0.0,0.0,0.0,0.0,0.0,0.0,0,0,0.0,0,0,0.0,0.0,0.0,0.0,Europe,0.0,0.0,0.0,0.0,0.0,0.0
Switzerland,0.0,0.0,0.0,0.0,0.0,0.0,0.0,0.0,0.0,0,0,0.0,0,0,0.0,0.0,0.0,0.0,Europe,0.0,0.0,0.0,0.0,0.0,0.0
"United Kingdom of Great Britain and Northern
Ireland",0.0,0.0,0.0,0.0,0.0,0.0,0.0,0.0,0.0,0,0,0.0,0,0,0.0,0.0,0.0,0.0,Europe,0.0,0.0,0.0,0.0,0.0,0.0
Belize,2.0,0.0,0.0,0.0,0.0,0.0,0.0,0.0,0.0,2,1,0.0,0,0,0.0,0.0,0.0,0.0,Mesoamerica,0.0,1.0,2.0,0.0,0.0,0.0
Costa Rica,9.0,1.0,0.0,0.0,0.0,0.0,0.0,0.0,0.0,35,16,0.0,1,1,0.0,0.0,0.0,0.0,Mesoamerica,0.0,19.0,8.0,0.0,0.0,0.0
El Salvador,3.0,1.0,0.0,0.0,0.0,0.0,0.0,0.0,0.0,1,0,0.0,0,0,0.0,0.0,0.0,0.0,Mesoamerica,0.0,1.0,2.0,0.0,0.0,0.0
Guatemala,6.0,1.0,0.0,1.0,0.0,0.0,0.0,0.0,0.0,3,0,0.0,0,0,0.0,0.0,0.0,0.0,Mesoamerica,1.0,3.0,5.0,0.0,0.0,0.0
Honduras,1.0,1.0,0.0,0.0,0.0,0.0,0.0,0.0,0.0,3,0,0.0,0,0,0.0,0.0,0.0,0.0,Mesoamerica,0.0,3.0,0.0,0.0,0.0,0.0
Mexico,55.0,6.0,0.0,51.0,16.0,2.0,1.0,0.0,0.0,61,13,0.0,0,0,0.0,2.0,1.0,0.0,Mesoamerica,33.0,48.0,49.0,1.0,0.0,1.0
Nicaragua,3.0,0.0,0.0,0.0,0.0,0.0,0.0,0.0,0.0,1,1,0.0,0,0,0.0,0.0,0.0,0.0,Mesoamerica,0.0,0.0,3.0,0.0,0.0,0.0
Panama,9.0,0.0,0.0,0.0,0.0,0.0,0.0,0.0,0.0,16,2,0.0,0,0,0.0,0.0,0.0,0.0,Mesoamerica,0.0,14.0,9.0,0.0,0.0,0.0
Anguilla,0.0,0.0,0.0,0.0,0.0,0.0,0.0,0.0,0.0,0,0,0.0,0,0,0.0,0.0,0.0,0.0,Caribbean Islands,0.0,0.0,0.0,0.0,0.0,0.0
Antigua and Barbuda,0.0,0.0,0.0,0.0,0.0,0.0,0.0,0.0,0.0,0,0,0.0,0,0,0.0,0.0,0.0,0.0,Caribbean Islands,0.0,0.0,0.0,0.0,0.0,0.0
Aruba,0.0,0.0,0.0,0.0,0.0,0.0,0.0,0.0,0.0,0,0,0.0,0,0,0.0,0.0,0.0,0.0,Caribbean Islands,0.0,0.0,0.0,0.0,0.0,0.0
Bahamas,0.0,0.0,0.0,0.0,0.0,0.0,0.0,0.0,0.0,0,0,0.0,0,0,0.0,0.0,0.0,0.0,Caribbean Islands,0.0,0.0,0.0,0.0,0.0,0.0
Barbados,0.0,0.0,0.0,0.0,0.0,0.0,0.0,0.0,0.0,0,0,0.0,0,0,0.0,0.0,0.0,0.0,Caribbean Islands,0.0,0.0,0.0,0.0,0.0,0.0
Bermuda,0.0,0.0,0.0,0.0,0.0,0.0,1.0,0.0,0.0,0,0,0.0,0,0,0.0,0.0,0.0,0.0,Caribbean Islands,0.0,0.0,0.0,0.0,0.0,1.0
"Bonaire, Sint Eustatius and Saba",0.0,0.0,0.0,0.0,0.0,0.0,0.0,0.0,0.0,0,0,0.0,0,0,0.0,0.0,0.0,0.0,Caribbean Islands,0.0,0.0,0.0,0.0,0.0,0.0
Cayman Islands,0.0,0.0,0.0,0.0,0.0,0.0,0.0,0.0,0.0,0,0,0.0,0,0,0.0,0.0,0.0,0.0,Caribbean Islands,0.0,0.0,0.0,0.0,0.0,0.0
Cuba,2.0,0.0,0.0,3.0,0.0,0.0,0.0,0.0,0.0,6,3,0.0,0,0,0.0,0.0,0.0,0.0,Caribbean Islands,3.0,3.0,2.0,0.0,0.0,0.0
Curaçao,0.0,0.0,0.0,0.0,0.0,0.0,0.0,0.0,0.0,0,0,0.0,0,0,0.0,0.0,0.0,0.0,Caribbean Islands,0.0,0.0,0.0,0.0,0.0,0.0
Dominica,0.0,0.0,0.0,0.0,0.0,0.0,0.0,0.0,0.0,0,0,0.0,0,0,0.0,0.0,0.0,0.0,Caribbean Islands,0.0,0.0,0.0,0.0,0.0,0.0
Dominican Republic,1.0,1.0,0.0,0.0,0.0,0.0,0.0,0.0,0.0,6,2,0.0,0,0,0.0,0.0,0.0,0.0,Caribbean Islands,0.0,4.0,0.0,0.0,0.0,0.0
Grenada,0.0,0.0,0.0,0.0,0.0,0.0,0.0,0.0,0.0,0,0,0.0,0,0,0.0,0.0,0.0,0.0,Caribbean Islands,0.0,0.0,0.0,0.0,0.0,0.0
Guadeloupe,0.0,0.0,0.0,0.0,0.0,0.0,0.0,0.0,0.0,0,0,0.0,0,0,0.0,0.0,0.0,0.0,Caribbean Islands,0.0,0.0,0.0,0.0,0.0,0.0
Haiti,0.0,0.0,0.0,0.0,0.0,0.0,0.0,0.0,0.0,0,0,0.0,0,0,0.0,0.0,0.0,0.0,Caribbean Islands,0.0,0.0,0.0,0.0,0.0,0.0
Jamaica,0.0,0.0,0.0,0.0,0.0,0.0,0.0,0.0,0.0,2,1,0.0,0,0,0.0,0.0,0.0,0.0,Caribbean Islands,0.0,1.0,0.0,0.0,0.0,0.0
Martinique,0.0,0.0,0.0,0.0,0.0,0.0,0.0,0.0,0.0,0,0,0.0,0,0,0.0,0.0,0.0,0.0,Caribbean Islands,0.0,0.0,0.0,0.0,0.0,0.0
Montserrat,0.0,0.0,0.0,0.0,0.0,0.0,0.0,0.0,0.0,0,0,0.0,0,0,0.0,0.0,0.0,0.0,Caribbean Islands,0.0,0.0,0.0,0.0,0.0,0.0
Puerto Rico,0.0,0.0,0.0,0.0,0.0,0.0,0.0,0.0,0.0,0,0,0.0,0,0,0.0,0.0,0.0,0.0,Caribbean Islands,0.0,0.0,0.0,0.0,0.0,0.0
Saint Barthélemy,0.0,0.0,0.0,0.0,0.0,0.0,0.0,0.0,0.0,0,0,0.0,0,0,0.0,0.0,0.0,0.0,Caribbean Islands,0.0,0.0,0.0,0.0,0.0,0.0
Saint Kitts and Nevis,0.0,0.0,0.0,0.0,0.0,0.0,0.0,0.0,0.0,0,0,0.0,0,0,0.0,0.0,0.0,0.0,Caribbean Islands,0.0,0.0,0.0,0.0,0.0,0.0
Saint Lucia,0.0,0.0,0.0,0.0,0.0,0.0,0.0,0.0,0.0,0,0,0.0,0,0,0.0,0.0,0.0,0.0,Caribbean Islands,0.0,0.0,0.0,0.0,0.0,0.0
Saint Martin (French part),0.0,0.0,0.0,0.0,0.0,0.0,0.0,0.0,0.0,0,0,0.0,0,0,0.0,0.0,0.0,0.0,Caribbean Islands,0.0,0.0,0.0,0.0,0.0,0.0
Saint Vincent and the Grenadines,0.0,0.0,0.0,0.0,0.0,0.0,0.0,0.0,0.0,0,0,0.0,0,0,0.0,0.0,0.0,0.0,Caribbean Islands,0.0,0.0,0.0,0.0,0.0,0.0
Sint Maarten (Dutch part),0.0,0.0,0.0,0.0,0.0,0.0,0.0,0.0,0.0,0,0,0.0,0,0,0.0,0.0,0.0,0.0,Caribbean Islands,0.0,0.0,0.0,0.0,0.0,0.0
Trinidad and Tobago,0.0,0.0,0.0,0.0,0.0,0.0,0.0,0.0,0.0,1,0,0.0,0,0,0.0,0.0,0.0,0.0,Caribbean Islands,0.0,1.0,0.0,0.0,0.0,0.0
Turks and Caicos Islands,0.0,0.0,0.0,0.0,0.0,0.0,0.0,0.0,0.0,0,0,0.0,0,0,0.0,0.0,0.0,0.0,Caribbean Islands,0.0,0.0,0.0,0.0,0.0,0.0
"Virgin Islands, British",0.0,0.0,0.0,0.0,0.0,0.0,0.0,0.0,0.0,0,0,0.0,0,0,0.0,0.0,0.0,0.0,Caribbean Islands,0.0,0.0,0.0,0.0,0.0,0.0
"Virgin Islands, U.S.",0.0,0.0,0.0,0.0,0.0,0.0,0.0,0.0,0.0,0,0,0.0,0,0,0.0,0.0,0.0,0.0,Caribbean Islands,0.0,0.0,0.0,0.0,0.0,0.0
Canada,0.0,0.0,0.0,0.0,0.0,0.0,0.0,0.0,0.0,1,0,0.0,0,0,0.0,0.0,0.0,0.0,North America,0.0,1.0,0.0,0.0,0.0,0.0
Saint Pierre and Miquelon,0.0,0.0,0.0,0.0,0.0,0.0,0.0,0.0,0.0,0,0,0.0,0,0,0.0,0.0,0.0,0.0,North America,0.0,0.0,0.0,0.0,0.0,0.0
United States of America,0.0,0.0,0.0,343.0,56.0,2.0,2.0,0.0,0.0,132,15,0.0,0,0,0.0,6.0,0.0,0.0,North America,285.0,117.0,0.0,6.0,0.0,2.0
Argentina,0.0,0.0,0.0,0.0,0.0,0.0,0.0,0.0,0.0,18,5,0.0,0,0,0.0,0.0,0.0,0.0,South America,0.0,13.0,0.0,0.0,0.0,0.0
"Bolivia, Plurinational State of",1.0,0.0,0.0,0.0,0.0,0.0,0.0,0.0,0.0,17,0,0.0,0,0,0.0,0.0,0.0,0.0,South America,0.0,17.0,1.0,0.0,0.0,0.0
Brazil,13.0,1.0,0.0,2.0,0.0,0.0,1.0,0.0,0.0,277,43,0.0,0,0,0.0,8.0,7.0,0.0,South America,2.0,234.0,12.0,1.0,0.0,1.0
Chile,0.0,0.0,0.0,5.0,0.0,0.0,6.0,0.0,0.0,15,3,0.0,0,0,0.0,0.0,0.0,0.0,South America,5.0,12.0,0.0,0.0,0.0,6.0
Colombia,76.0,10.0,0.0,0.0,0.0,0.0,0.0,0.0,0.0,60,18,0.0,0,0,0.0,0.0,0.0,0.0,South America,0.0,42.0,66.0,0.0,0.0,0.0
Ecuador,11.0,2.0,0.0,0.0,0.0,0.0,0.0,0.0,0.0,61,10,0.0,0,0,0.0,1.0,0.0,0.0,South America,0.0,51.0,9.0,1.0,0.0,0.0
Falkland Islands (Malvinas),0.0,0.0,0.0,0.0,0.0,0.0,0.0,0.0,0.0,0,0,0.0,0,0,0.0,0.0,0.0,0.0,South America,0.0,0.0,0.0,0.0,0.0,0.0
French Guiana,0.0,0.0,0.0,0.0,0.0,0.0,0.0,0.0,0.0,7,1,0.0,0,0,0.0,0.0,0.0,0.0,South America,0.0,6.0,0.0,0.0,0.0,0.0
Guyana,2.0,0.0,0.0,0.0,0.0,0.0,0.0,0.0,0.0,1,0,0.0,0,0,0.0,0.0,0.0,0.0,South America,0.0,1.0,2.0,0.0,0.0,0.0
Paraguay,0.0,0.0,0.0,0.0,0.0,0.0,0.0,0.0,0.0,3,0,0.0,0,0,0.0,0.0,0.0,0.0,South America,0.0,3.0,0.0,0.0,0.0,0.0
Peru,7.0,0.0,0.0,0.0,0.0,0.0,0.0,0.0,0.0,62,0,0.0,0,0,0.0,0.0,0.0,0.0,South America,0.0,62.0,7.0,0.0,0.0,0.0
Suriname,1.0,0.0,0.0,0.0,0.0,0.0,0.0,0.0,0.0,10,1,0.0,0,0,0.0,0.0,0.0,0.0,South America,0.0,9.0,1.0,0.0,0.0,0.0
Uruguay,0.0,0.0,0.0,0.0,0.0,0.0,0.0,0.0,0.0,0,0,0.0,0,0,0.0,0.0,0.0,0.0,South America,0.0,0.0,0.0,0.0,0.0,0.0
"Venezuela, Bolivarian Republic of",20.0,3.0,0.0,0.0,0.0,0.0,0.0,0.0,0.0,78,13,0.0,0,0,0.0,0.0,0.0,0.0,South America,0.0,65.0,17.0,0.0,0.0,0.0
American Samoa,0.0,0.0,0.0,0.0,0.0,0.0,0.0,0.0,0.0,1,0,0.0,0,0,0.0,1.0,1.0,0.0,Oceania,0.0,1.0,0.0,0.0,0.0,0.0
Australia,7.0,2.0,0.0,122.0,61.0,0.0,13.0,0.0,0.0,252,38,0.0,11,4,0.0,11.0,1.0,0.0,Oceania,61.0,214.0,5.0,10.0,7.0,13.0
Christmas Island,0.0,0.0,0.0,0.0,0.0,0.0,0.0,0.0,0.0,0,0,0.0,0,0,0.0,0.0,0.0,0.0,Oceania,0.0,0.0,0.0,0.0,0.0,0.0
Cocos (Keeling) Islands,0.0,0.0,0.0,0.0,0.0,0.0,0.0,0.0,0.0,0,0,0.0,0,0,0.0,0.0,0.0,0.0,Oceania,0.0,0.0,0.0,0.0,0.0,0.0
Cook Islands,0.0,0.0,0.0,0.0,0.0,0.0,0.0,0.0,0.0,0,0,0.0,0,0,0.0,0.0,0.0,0.0,Oceania,0.0,0.0,0.0,0.0,0.0,0.0
Fiji,1.0,0.0,0.0,0.0,0.0,0.0,1.0,0.0,0.0,33,6,0.0,0,0,0.0,0.0,0.0,0.0,Oceania,0.0,27.0,1.0,0.0,0.0,1.0
French Polynesia,0.0,0.0,0.0,0.0,0.0,0.0,3.0,0.0,0.0,9,3,0.0,0,0,0.0,0.0,0.0,0.0,Oceania,0.0,6.0,0.0,0.0,0.0,3.0
Guam,0.0,0.0,0.0,0.0,0.0,0.0,0.0,0.0,0.0,0,0,0.0,0,0,0.0,0.0,0.0,0.0,Oceania,0.0,0.0,0.0,0.0,0.0,0.0
Kiribati,0.0,0.0,0.0,0.0,0.0,0.0,0.0,0.0,0.0,0,0,0.0,0,0,0.0,0.0,0.0,0.0,Oceania,0.0,0.0,0.0,0.0,0.0,0.0
Marshall Islands,0.0,0.0,0.0,0.0,0.0,0.0,0.0,0.0,0.0,0,0,0.0,0,0,0.0,0.0,0.0,0.0,Oceania,0.0,0.0,0.0,0.0,0.0,0.0
"Micronesia, Federated States of",0.0,0.0,0.0,0.0,0.0,0.0,0.0,0.0,0.0,10,6,0.0,0,0,0.0,0.0,0.0,0.0,Oceania,0.0,4.0,0.0,0.0,0.0,0.0
Nauru,0.0,0.0,0.0,0.0,0.0,0.0,0.0,0.0,0.0,0,0,0.0,0,0,0.0,0.0,0.0,0.0,Oceania,0.0,0.0,0.0,0.0,0.0,0.0
New Caledonia,0.0,0.0,0.0,0.0,0.0,0.0,1.0,0.0,0.0,22,6,0.0,0,0,0.0,1.0,1.0,0.0,Oceania,0.0,16.0,0.0,0.0,0.0,1.0
New Zealand,0.0,0.0,0.0,2.0,0.0,0.0,2.0,0.0,0.0,8,0,0.0,3,0,0.0,0.0,0.0,0.0,Oceania,2.0,8.0,0.0,0.0,3.0,2.0
Niue,0.0,0.0,0.0,0.0,0.0,0.0,0.0,0.0,0.0,0,0,0.0,0,0,0.0,0.0,0.0,0.0,Oceania,0.0,0.0,0.0,0.0,0.0,0.0
Norfolk Island,0.0,0.0,0.0,0.0,0.0,0.0,0.0,0.0,0.0,0,0,0.0,0,0,0.0,0.0,0.0,0.0,Oceania,0.0,0.0,0.0,0.0,0.0,0.0
Northern Mariana Islands,0.0,0.0,0.0,0.0,0.0,0.0,0.0,0.0,0.0,2,0,0.0,0,0,0.0,0.0,0.0,0.0,Oceania,0.0,2.0,0.0,0.0,0.0,0.0
Palau,0.0,0.0,0.0,0.0,0.0,0.0,0.0,0.0,0.0,4,2,0.0,0,0,0.0,0.0,0.0,0.0,Oceania,0.0,2.0,0.0,0.0,0.0,0.0
Papua New Guinea,11.0,0.0,0.0,2.0,1.0,0.0,0.0,0.0,0.0,158,6,0.0,0,0,0.0,0.0,0.0,0.0,Oceania,1.0,152.0,11.0,0.0,0.0,0.0
Pitcairn,0.0,0.0,0.0,0.0,0.0,0.0,0.0,0.0,0.0,0,0,0.0,0,0,0.0,0.0,0.0,0.0,Oceania,0.0,0.0,0.0,0.0,0.0,0.0
Samoa,0.0,0.0,0.0,0.0,0.0,0.0,0.0,0.0,0.0,11,1,0.0,0,0,0.0,0.0,0.0,0.0,Oceania,0.0,10.0,0.0,0.0,0.0,0.0
Solomon Islands,0.0,0.0,0.0,0.0,0.0,0.0,0.0,0.0,0.0,24,1,0.0,0,0,0.0,0.0,0.0,0.0,Oceania,0.0,23.0,0.0,0.0,0.0,0.0
Tokelau,0.0,0.0,0.0,0.0,0.0,0.0,0.0,0.0,0.0,0,0,0.0,0,0,0.0,0.0,0.0,0.0,Oceania,0.0,0.0,0.0,0.0,0.0,0.0
Tonga,0.0,0.0,0.0,0.0,0.0,0.0,1.0,0.0,0.0,1,1,0.0,0,0,0.0,0.0,0.0,0.0,Oceania,0.0,0.0,0.0,0.0,0.0,1.0
Tuvalu,0.0,0.0,0.0,0.0,0.0,0.0,0.0,0.0,0.0,0,0,0.0,0,0,0.0,0.0,0.0,0.0,Oceania,0.0,0.0,0.0,0.0,0.0,0.0
United States Minor Outlying Islands,0.0,0.0,0.0,0.0,0.0,0.0,0.0,0.0,0.0,0,0,0.0,0,0,0.0,0.0,0.0,0.0,Oceania,0.0,0.0,0.0,0.0,0.0,0.0
Vanuatu,0.0,0.0,0.0,0.0,0.0,0.0,0.0,0.0,0.0,5,0,0.0,0,0,0.0,0.0,0.0,0.0,Oceania,0.0,5.0,0.0,0.0,0.0,0.0
Wallis and Futuna,0.0,0.0,0.0,0.0,0.0,0.0,0.0,0.0,0.0,0,0,0.0,0,0,0.0,0.0,0.0,0.0,Oceania,0.0,0.0,0.0,0.0,0.0,0.0
