Country,Total endemics (Mammals),Threatened endemics (Mammals),EX & EW endemics (Mammals),Total endemics (Birds),Threatened endemics (Birds),EX & EW endemics (Birds),Total endemics (Reptiles),Threatened endemics (Reptiles),EX & EW endemics (Reptiles),Total endemics (Amphibians),Threatened endemics (Amphibians),EX & EW endemics (Amphibians),Region,LC endemics (Amphibians),LC endemics (Reptiles),LC endemics (Mammals),LC endemics (Birds)
Algeria,1.0,0.0,0.0,1.0,1.0,0.0,3.0,1.0,0.0,1.0,1.0,0.0,North Africa,0.0,2.0,1.0,0.0
Egypt,5.0,0.0,0.0,0.0,0.0,0.0,3.0,0.0,0.0,1.0,0.0,0.0,North Africa,1.0,3.0,5.0,0.0
Libya,2.0,0.0,0.0,0.0,0.0,0.0,0.0,0.0,0.0,0.0,0.0,0.0,North Africa,0.0,0.0,2.0,0.0
Morocco,4.0,2.0,0.0,0.0,0.0,0.0,12.0,4.0,0.0,2.0,2.0,0.0,North Africa,0.0,8.0,2.0,0.0
Tunisia,1.0,0.0,0.0,0.0,0.0,0.0,1.0,1.0,0.0,0.0,0.0,0.0,North Africa,0.0,0.0,1.0,0.0
Western Sahara,0.0,0.0,0.0,0.0,0.0,0.0,1.0,0.0,0.0,0.0,0.0,0.0,North Africa,0.0,1.0,0.0,0.0
Angola,11.0,0.0,0.0,18.0,8.0,0.0,26.0,1.0,0.0,20.0,0.0,0.0,Sub-Saharan Africa,20.0,25.0,11.0,10.0
Benin,0.0,0.0,0.0,0.0,0.0,0.0,2.0,0.0,0.0,0.0,0.0,0.0,Sub-Saharan Africa,0.0,2.0,0.0,0.0
Botswana,0.0,0.0,0.0,0.0,0.0,0.0,1.0,0.0,0.0,0.0,0.0,0.0,Sub-Saharan Africa,0.0,1.0,0.0,0.0
Burkina Faso,0.0,0.0,0.0,0.0,0.0,0.0,0.0,0.0,0.0,0.0,0.0,0.0,Sub-Saharan Africa,0.0,0.0,0.0,0.0
Burundi,1.0,1.0,0.0,0.0,0.0,0.0,0.0,0.0,0.0,1.0,0.0,0.0,Sub-Saharan Africa,1.0,0.0,0.0,0.0
Cabo Verde,0.0,0.0,0.0,5.0,2.0,0.0,22.0,4.0,1.0,0.0,0.0,0.0,Sub-Saharan Africa,0.0,17.0,0.0,3.0
Cameroon,19.0,14.0,0.0,6.0,5.0,0.0,21.0,10.0,0.0,65.0,46.0,0.0,Sub-Saharan Africa,19.0,11.0,5.0,1.0
Central African Republic,2.0,0.0,0.0,0.0,0.0,0.0,2.0,0.0,0.0,7.0,0.0,0.0,Sub-Saharan Africa,7.0,2.0,2.0,0.0
Chad,0.0,0.0,0.0,0.0,0.0,0.0,0.0,0.0,0.0,1.0,0.0,0.0,Sub-Saharan Africa,1.0,0.0,0.0,0.0
Comoros,4.0,2.0,0.0,21.0,11.0,0.0,9.0,4.0,0.0,0.0,0.0,0.0,Sub-Saharan Africa,0.0,5.0,2.0,10.0
Congo,4.0,1.0,0.0,0.0,0.0,0.0,0.0,0.0,0.0,2.0,1.0,0.0,Sub-Saharan Africa,1.0,0.0,3.0,0.0
"Congo, The Democratic Republic of the",40.0,13.0,0.0,15.0,8.0,0.0,33.0,6.0,0.0,57.0,11.0,0.0,Sub-Saharan Africa,46.0,27.0,27.0,7.0
Côte d'Ivoire,1.0,1.0,0.0,0.0,0.0,0.0,3.0,0.0,0.0,4.0,2.0,0.0,Sub-Saharan Africa,2.0,3.0,0.0,0.0
Djibouti,0.0,0.0,0.0,1.0,1.0,0.0,1.0,0.0,0.0,0.0,0.0,0.0,Sub-Saharan Africa,0.0,1.0,0.0,0.0
Equatorial Guinea,4.0,4.0,0.0,5.0,2.0,0.0,8.0,0.0,0.0,2.0,1.0,0.0,Sub-Saharan Africa,1.0,8.0,0.0,3.0
Eritrea,0.0,0.0,0.0,0.0,0.0,0.0,2.0,0.0,0.0,1.0,0.0,0.0,Sub-Saharan Africa,1.0,2.0,0.0,0.0
Eswatini,0.0,0.0,0.0,0.0,0.0,0.0,1.0,0.0,0.0,0.0,0.0,0.0,Sub-Saharan Africa,0.0,1.0,0.0,0.0
Ethiopia,46.0,20.0,0.0,19.0,6.0,0.0,14.0,1.0,0.0,26.0,12.0,0.0,Sub-Saharan Africa,14.0,13.0,26.0,13.0
Gabon,2.0,0.0,0.0,1.0,0.0,0.0,4.0,0.0,0.0,6.0,3.0,0.0,Sub-Saharan Africa,3.0,4.0,2.0,1.0
Gambia,0.0,0.0,0.0,0.0,0.0,0.0,1.0,0.0,0.0,0.0,0.0,0.0,Sub-Saharan Africa,0.0,1.0,0.0,0.0
Ghana,1.0,0.0,0.0,0.0,0.0,0.0,3.0,0.0,0.0,5.0,4.0,0.0,Sub-Saharan Africa,1.0,3.0,1.0,0.0
Guinea,3.0,3.0,0.0,0.0,0.0,0.0,4.0,2.0,0.0,8.0,4.0,0.0,Sub-Saharan Africa,4.0,2.0,0.0,0.0
Guinea-Bissau,0.0,0.0,0.0,0.0,0.0,0.0,1.0,0.0,0.0,0.0,0.0,0.0,Sub-Saharan Africa,0.0,1.0,0.0,0.0
Kenya,19.0,7.0,0.0,12.0,7.0,0.0,34.0,11.0,0.0,21.0,11.0,0.0,Sub-Saharan Africa,10.0,23.0,12.0,5.0
Lesotho,0.0,0.0,0.0,0.0,0.0,0.0,0.0,0.0,0.0,0.0,0.0,0.0,Sub-Saharan Africa,0.0,0.0,0.0,0.0
Liberia,0.0,0.0,0.0,0.0,0.0,0.0,1.0,0.0,0.0,3.0,0.0,0.0,Sub-Saharan Africa,3.0,1.0,0.0,0.0
Madagascar,212.0,127.0,4.0,119.0,31.0,2.0,375.0,133.0,0.0,310.0,147.0,0.0,Sub-Saharan Africa,163.0,242.0,81.0,86.0
Malawi,3.0,1.0,0.0,1.0,1.0,0.0,6.0,3.0,0.0,4.0,2.0,0.0,Sub-Saharan Africa,2.0,3.0,2.0,0.0
Mali,1.0,0.0,0.0,0.0,0.0,0.0,1.0,0.0,0.0,1.0,0.0,0.0,Sub-Saharan Africa,1.0,1.0,1.0,0.0
Mauritania,1.0,0.0,0.0,0.0,0.0,0.0,2.0,0.0,0.0,0.0,0.0,0.0,Sub-Saharan Africa,0.0,2.0,1.0,0.0
Mauritius,2.0,2.0,0.0,28.0,6.0,19.0,21.0,10.0,9.0,0.0,0.0,0.0,Sub-Saharan Africa,0.0,2.0,0.0,3.0
Mayotte,0.0,0.0,0.0,2.0,1.0,0.0,7.0,3.0,0.0,3.0,1.0,0.0,Sub-Saharan Africa,2.0,4.0,0.0,1.0
Mozambique,3.0,2.0,0.0,2.0,2.0,0.0,25.0,5.0,0.0,6.0,4.0,0.0,Sub-Saharan Africa,2.0,20.0,1.0,0.0
Namibia,3.0,0.0,0.0,1.0,0.0,0.0,43.0,1.0,0.0,4.0,0.0,0.0,Sub-Saharan Africa,4.0,42.0,3.0,1.0
Niger,0.0,0.0,0.0,0.0,0.0,0.0,0.0,0.0,0.0,0.0,0.0,0.0,Sub-Saharan Africa,0.0,0.0,0.0,0.0
Nigeria,6.0,3.0,0.0,3.0,1.0,0.0,8.0,3.0,0.0,2.0,2.0,0.0,Sub-Saharan Africa,0.0,5.0,3.0,2.0
Réunion,1.0,0.0,0.0,17.0,2.0,11.0,5.0,1.0,4.0,0.0,0.0,0.0,Sub-Saharan Africa,0.0,0.0,1.0,4.0
Rwanda,1.0,1.0,0.0,0.0,0.0,0.0,2.0,0.0,0.0,3.0,1.0,0.0,Sub-Saharan Africa,2.0,2.0,0.0,0.0
"Saint Helena, Ascension and Tristan da Cunha",0.0,0.0,0.0,17.0,8.0,8.0,0.0,0.0,0.0,0.0,0.0,0.0,Sub-Saharan Africa,0.0,0.0,0.0,1.0
Sao Tome and Principe,6.0,3.0,0.0,29.0,12.0,0.0,15.0,2.0,0.0,7.0,3.0,0.0,Sub-Saharan Africa,4.0,13.0,3.0,17.0
Senegal,0.0,0.0,0.0,0.0,0.0,0.0,2.0,0.0,0.0,0.0,0.0,0.0,Sub-Saharan Africa,0.0,2.0,0.0,0.0
Seychelles,3.0,2.0,0.0,17.0,8.0,3.0,16.0,8.0,1.0,11.0,6.0,0.0,Sub-Saharan Africa,5.0,7.0,1.0,6.0
Sierra Leone,0.0,0.0,0.0,0.0,0.0,0.0,0.0,0.0,0.0,0.0,0.0,0.0,Sub-Saharan Africa,0.0,0.0,0.0,0.0
Somalia,9.0,0.0,0.0,7.0,0.0,0.0,45.0,0.0,0.0,4.0,0.0,0.0,Sub-Saharan Africa,4.0,45.0,9.0,7.0
South Africa,41.0,15.0,1.0,18.0,6.0,0.0,137.0,19.0,2.0,60.0,16.0,0.0,Sub-Saharan Africa,44.0,116.0,25.0,12.0
South Sudan,2.0,0.0,0.0,0.0,0.0,0.0,2.0,0.0,0.0,0.0,0.0,0.0,Sub-Saharan Africa,0.0,2.0,2.0,0.0
Sudan,9.0,0.0,0.0,1.0,0.0,0.0,3.0,0.0,0.0,0.0,0.0,0.0,Sub-Saharan Africa,0.0,3.0,9.0,1.0
"Tanzania, United Republic of",36.0,19.0,0.0,36.0,14.0,0.0,90.0,29.0,0.0,89.0,58.0,1.0,Sub-Saharan Africa,30.0,61.0,17.0,22.0
Togo,1.0,0.0,0.0,0.0,0.0,0.0,0.0,0.0,0.0,1.0,0.0,0.0,Sub-Saharan Africa,1.0,0.0,1.0,0.0
Uganda,2.0,1.0,0.0,1.0,0.0,0.0,2.0,1.0,0.0,2.0,0.0,0.0,Sub-Saharan Africa,2.0,1.0,1.0,1.0
Zambia,7.0,2.0,0.0,3.0,2.0,0.0,2.0,0.0,0.0,2.0,0.0,0.0,Sub-Saharan Africa,2.0,2.0,5.0,1.0
Zimbabwe,1.0,0.0,0.0,0.0,0.0,0.0,4.0,2.0,0.0,4.0,3.0,0.0,Sub-Saharan Africa,1.0,2.0,1.0,0.0
Antarctica,2.0,0.0,0.0,1.0,0.0,0.0,0.0,0.0,0.0,0.0,0.0,0.0,Antarctic,0.0,0.0,2.0,1.0
Bouvet Island,0.0,0.0,0.0,0.0,0.0,0.0,0.0,0.0,0.0,0.0,0.0,0.0,Antarctic,0.0,0.0,0.0,0.0
French Southern Territories,0.0,0.0,0.0,4.0,2.0,1.0,4.0,3.0,0.0,0.0,0.0,0.0,Antarctic,0.0,1.0,0.0,1.0
Heard Island and McDonald Islands,0.0,0.0,0.0,0.0,0.0,0.0,0.0,0.0,0.0,0.0,0.0,0.0,Antarctic,0.0,0.0,0.0,0.0
South Georgia and the South Sandwich Islands,0.0,0.0,0.0,1.0,0.0,0.0,0.0,0.0,0.0,0.0,0.0,0.0,Antarctic,0.0,0.0,0.0,1.0
China,94.0,19.0,1.0,69.0,13.0,0.0,145.0,23.0,0.0,258.0,122.0,1.0,East Asia,135.0,122.0,74.0,56.0
Hong Kong,0.0,0.0,0.0,0.0,0.0,0.0,5.0,2.0,0.0,1.0,1.0,0.0,East Asia,0.0,3.0,0.0,0.0
Japan,48.0,18.0,1.0,24.0,8.0,4.0,45.0,16.0,0.0,82.0,45.0,0.0,East Asia,37.0,29.0,29.0,12.0
"Korea, Democratic People's Republic of",0.0,0.0,0.0,0.0,0.0,0.0,1.0,0.0,0.0,0.0,0.0,0.0,East Asia,0.0,1.0,0.0,0.0
"Korea, Republic of",0.0,0.0,0.0,0.0,0.0,0.0,0.0,0.0,0.0,9.0,7.0,0.0,East Asia,2.0,0.0,0.0,0.0
Macao,0.0,0.0,0.0,0.0,0.0,0.0,0.0,0.0,0.0,0.0,0.0,0.0,East Asia,0.0,0.0,0.0,0.0
Mongolia,1.0,0.0,0.0,0.0,0.0,0.0,0.0,0.0,0.0,0.0,0.0,0.0,East Asia,0.0,0.0,1.0,0.0
"Taiwan, Province of China",19.0,0.0,0.0,29.0,1.0,0.0,21.0,4.0,0.0,18.0,10.0,0.0,East Asia,8.0,17.0,19.0,28.0
Belarus,0.0,0.0,0.0,0.0,0.0,0.0,0.0,0.0,0.0,0.0,0.0,0.0,North Asia,0.0,0.0,0.0,0.0
"Moldova, Republic of",0.0,0.0,0.0,0.0,0.0,0.0,0.0,0.0,0.0,0.0,0.0,0.0,North Asia,0.0,0.0,0.0,0.0
Russian Federation,21.0,2.0,0.0,2.0,0.0,1.0,3.0,2.0,0.0,1.0,0.0,0.0,North Asia,1.0,1.0,19.0,1.0
Ukraine,2.0,2.0,0.0,0.0,0.0,0.0,1.0,0.0,0.0,0.0,0.0,0.0,North Asia,0.0,1.0,0.0,0.0
Bangladesh,0.0,0.0,0.0,0.0,0.0,0.0,0.0,0.0,0.0,2.0,0.0,0.0,South & Southeast Asia,2.0,0.0,0.0,0.0
Bhutan,0.0,0.0,0.0,0.0,0.0,0.0,2.0,1.0,0.0,1.0,0.0,0.0,South & Southeast Asia,1.0,1.0,0.0,0.0
British Indian Ocean Territory,0.0,0.0,0.0,0.0,0.0,0.0,0.0,0.0,0.0,0.0,0.0,0.0,South & Southeast Asia,0.0,0.0,0.0,0.0
Brunei Darussalam,0.0,0.0,0.0,0.0,0.0,0.0,0.0,0.0,0.0,0.0,0.0,0.0,South & Southeast Asia,0.0,0.0,0.0,0.0
Cambodia,0.0,0.0,0.0,2.0,0.0,0.0,4.0,2.0,0.0,8.0,7.0,0.0,South & Southeast Asia,1.0,2.0,0.0,2.0
Disputed Territory,0.0,0.0,0.0,0.0,0.0,0.0,0.0,0.0,0.0,0.0,0.0,0.0,South & Southeast Asia,0.0,0.0,0.0,0.0
India,55.0,32.0,0.0,75.0,20.0,0.0,309.0,69.0,0.0,304.0,131.0,0.0,South & Southeast Asia,173.0,240.0,23.0,55.0
Indonesia,299.0,137.0,1.0,544.0,87.0,0.0,346.0,51.0,0.0,224.0,24.0,0.0,South & Southeast Asia,200.0,295.0,161.0,457.0
Lao People's Democratic Republic,5.0,1.0,0.0,1.0,0.0,0.0,25.0,9.0,0.0,8.0,5.0,0.0,South & Southeast Asia,3.0,16.0,4.0,1.0
Malaysia,27.0,6.0,0.0,9.0,2.0,0.0,158.0,34.0,0.0,109.0,33.0,0.0,South & Southeast Asia,76.0,124.0,21.0,7.0
Maldives,0.0,0.0,0.0,0.0,0.0,0.0,0.0,0.0,0.0,0.0,0.0,0.0,South & Southeast Asia,0.0,0.0,0.0,0.0
Myanmar,7.0,2.0,0.0,9.0,1.0,0.0,52.0,10.0,0.0,27.0,5.0,0.0,South & Southeast Asia,22.0,42.0,5.0,8.0
Nepal,2.0,0.0,0.0,1.0,0.0,0.0,10.0,3.0,0.0,5.0,1.0,0.0,South & Southeast Asia,4.0,7.0,2.0,1.0
Philippines,134.0,30.0,0.0,260.0,65.0,0.0,257.0,27.0,0.0,95.0,27.0,0.0,South & Southeast Asia,68.0,230.0,104.0,195.0
Singapore,1.0,0.0,0.0,0.0,0.0,0.0,0.0,0.0,0.0,1.0,0.0,0.0,South & Southeast Asia,1.0,0.0,1.0,0.0
Sri Lanka,18.0,15.0,0.0,31.0,8.0,0.0,144.0,105.0,0.0,100.0,71.0,18.0,South & Southeast Asia,11.0,39.0,3.0,23.0
Thailand,7.0,4.0,1.0,3.0,2.0,0.0,78.0,10.0,0.0,16.0,7.0,0.0,South & Southeast Asia,9.0,68.0,2.0,1.0
Timor-Leste,1.0,1.0,0.0,0.0,0.0,0.0,0.0,0.0,0.0,0.0,0.0,0.0,South & Southeast Asia,0.0,0.0,0.0,0.0
Viet Nam,20.0,6.0,0.0,7.0,4.0,0.0,122.0,35.0,0.0,65.0,44.0,0.0,South & Southeast Asia,21.0,87.0,14.0,3.0
Afghanistan,0.0,0.0,0.0,1.0,0.0,0.0,5.0,0.0,0.0,1.0,1.0,0.0,West & Central Asia,0.0,5.0,0.0,1.0
Armenia,1.0,1.0,0.0,0.0,0.0,0.0,0.0,0.0,0.0,0.0,0.0,0.0,West & Central Asia,0.0,0.0,0.0,0.0
Azerbaijan,0.0,0.0,0.0,0.0,0.0,0.0,0.0,0.0,0.0,0.0,0.0,0.0,West & Central Asia,0.0,0.0,0.0,0.0
Bahrain,0.0,0.0,0.0,0.0,0.0,0.0,0.0,0.0,0.0,0.0,0.0,0.0,West & Central Asia,0.0,0.0,0.0,0.0
Cyprus,1.0,0.0,0.0,1.0,0.0,0.0,4.0,0.0,0.0,2.0,1.0,0.0,West & Central Asia,1.0,4.0,1.0,1.0
Georgia,0.0,0.0,0.0,0.0,0.0,0.0,0.0,0.0,0.0,0.0,0.0,0.0,West & Central Asia,0.0,0.0,0.0,0.0
"Iran, Islamic Republic of",9.0,1.0,0.0,1.0,0.0,0.0,32.0,3.0,0.0,3.0,2.0,0.0,West & Central Asia,1.0,29.0,8.0,1.0
Iraq,1.0,1.0,0.0,0.0,0.0,0.0,0.0,0.0,0.0,0.0,0.0,0.0,West & Central Asia,0.0,0.0,0.0,0.0
Israel,1.0,0.0,0.0,0.0,0.0,0.0,0.0,0.0,0.0,1.0,1.0,0.0,West & Central Asia,0.0,0.0,1.0,0.0
Jordan,0.0,0.0,0.0,0.0,0.0,0.0,1.0,1.0,0.0,0.0,0.0,0.0,West & Central Asia,0.0,0.0,0.0,0.0
Kazakhstan,5.0,0.0,0.0,0.0,0.0,0.0,1.0,0.0,0.0,0.0,0.0,0.0,West & Central Asia,0.0,1.0,5.0,0.0
Kuwait,0.0,0.0,0.0,0.0,0.0,0.0,0.0,0.0,0.0,0.0,0.0,0.0,West & Central Asia,0.0,0.0,0.0,0.0
Kyrgyzstan,1.0,0.0,0.0,0.0,0.0,0.0,4.0,0.0,0.0,0.0,0.0,0.0,West & Central Asia,0.0,4.0,1.0,0.0
Lebanon,0.0,0.0,0.0,0.0,0.0,0.0,1.0,1.0,0.0,0.0,0.0,0.0,West & Central Asia,0.0,0.0,0.0,0.0
Oman,0.0,0.0,0.0,0.0,0.0,0.0,20.0,2.0,0.0,0.0,0.0,0.0,West & Central Asia,0.0,18.0,0.0,0.0
Pakistan,3.0,1.0,0.0,0.0,0.0,0.0,30.0,0.0,0.0,1.0,0.0,0.0,West & Central Asia,1.0,30.0,2.0,0.0
"Palestine, State of",0.0,0.0,0.0,0.0,0.0,0.0,0.0,0.0,0.0,0.0,0.0,0.0,West & Central Asia,0.0,0.0,0.0,0.0
Qatar,0.0,0.0,0.0,0.0,0.0,0.0,0.0,0.0,0.0,0.0,0.0,0.0,West & Central Asia,0.0,0.0,0.0,0.0
Saudi Arabia,0.0,0.0,0.0,1.0,1.0,0.0,4.0,0.0,0.0,0.0,0.0,0.0,West & Central Asia,0.0,4.0,0.0,0.0
Syrian Arab Republic,1.0,0.0,0.0,0.0,0.0,0.0,0.0,0.0,0.0,0.0,0.0,0.0,West & Central Asia,0.0,0.0,1.0,0.0
Tajikistan,0.0,0.0,0.0,0.0,0.0,0.0,2.0,1.0,0.0,0.0,0.0,0.0,West & Central Asia,0.0,1.0,0.0,0.0
Türkiye,8.0,0.0,0.0,0.0,0.0,0.0,19.0,7.0,0.0,12.0,9.0,0.0,West & Central Asia,3.0,12.0,8.0,0.0
Turkmenistan,0.0,0.0,0.0,0.0,0.0,0.0,1.0,1.0,0.0,0.0,0.0,0.0,West & Central Asia,0.0,0.0,0.0,0.0
United Arab Emirates,0.0,0.0,0.0,0.0,0.0,0.0,1.0,1.0,0.0,0.0,0.0,0.0,West & Central Asia,0.0,0.0,0.0,0.0
Uzbekistan,0.0,0.0,0.0,0.0,0.0,0.0,1.0,0.0,0.0,0.0,0.0,0.0,West & Central Asia,0.0,1.0,0.0,0.0
Yemen,4.0,2.0,1.0,10.0,2.0,0.0,44.0,1.0,0.0,1.0,0.0,0.0,West & Central Asia,1.0,43.0,1.0,8.0
Åland Islands,0.0,0.0,0.0,0.0,0.0,0.0,0.0,0.0,0.0,0.0,0.0,0.0,Europe,0.0,0.0,0.0,0.0
Albania,0.0,0.0,0.0,0.0,0.0,0.0,0.0,0.0,0.0,0.0,0.0,0.0,Europe,0.0,0.0,0.0,0.0
Andorra,0.0,0.0,0.0,0.0,0.0,0.0,0.0,0.0,0.0,0.0,0.0,0.0,Europe,0.0,0.0,0.0,0.0
Austria,0.0,0.0,0.0,0.0,0.0,0.0,0.0,0.0,0.0,0.0,0.0,0.0,Europe,0.0,0.0,0.0,0.0
Belgium,0.0,0.0,0.0,0.0,0.0,0.0,0.0,0.0,0.0,0.0,0.0,0.0,Europe,0.0,0.0,0.0,0.0
Bosnia and Herzegovina,0.0,0.0,0.0,0.0,0.0,0.0,0.0,0.0,0.0,0.0,0.0,0.0,Europe,0.0,0.0,0.0,0.0
Bulgaria,0.0,0.0,0.0,0.0,0.0,0.0,0.0,0.0,0.0,0.0,0.0,0.0,Europe,0.0,0.0,0.0,0.0
Croatia,0.0,0.0,0.0,0.0,0.0,0.0,0.0,0.0,0.0,0.0,0.0,0.0,Europe,0.0,0.0,0.0,0.0
Czechia,0.0,0.0,0.0,0.0,0.0,0.0,0.0,0.0,0.0,0.0,0.0,0.0,Europe,0.0,0.0,0.0,0.0
Denmark,0.0,0.0,0.0,0.0,0.0,0.0,0.0,0.0,0.0,0.0,0.0,0.0,Europe,0.0,0.0,0.0,0.0
Estonia,0.0,0.0,0.0,0.0,0.0,0.0,0.0,0.0,0.0,0.0,0.0,0.0,Europe,0.0,0.0,0.0,0.0
Faroe Islands,0.0,0.0,0.0,0.0,0.0,0.0,0.0,0.0,0.0,0.0,0.0,0.0,Europe,0.0,0.0,0.0,0.0
Finland,0.0,0.0,0.0,0.0,0.0,0.0,0.0,0.0,0.0,0.0,0.0,0.0,Europe,0.0,0.0,0.0,0.0
France,1.0,1.0,0.0,1.0,1.0,0.0,0.0,0.0,0.0,3.0,0.0,0.0,Europe,3.0,0.0,0.0,0.0
Germany,0.0,0.0,0.0,0.0,0.0,0.0,0.0,0.0,0.0,0.0,0.0,0.0,Europe,0.0,0.0,0.0,0.0
Gibraltar,0.0,0.0,0.0,0.0,0.0,0.0,0.0,0.0,0.0,0.0,0.0,0.0,Europe,0.0,0.0,0.0,0.0
Greece,2.0,1.0,0.0,0.0,0.0,0.0,14.0,2.0,0.0,3.0,3.0,0.0,Europe,0.0,12.0,1.0,0.0
Greenland,0.0,0.0,0.0,0.0,0.0,0.0,0.0,0.0,0.0,0.0,0.0,0.0,Europe,0.0,0.0,0.0,0.0
Guernsey,0.0,0.0,0.0,0.0,0.0,0.0,0.0,0.0,0.0,0.0,0.0,0.0,Europe,0.0,0.0,0.0,0.0
Holy See (Vatican City State),0.0,0.0,0.0,0.0,0.0,0.0,0.0,0.0,0.0,0.0,0.0,0.0,Europe,0.0,0.0,0.0,0.0
Hungary,0.0,0.0,0.0,0.0,0.0,0.0,0.0,0.0,0.0,0.0,0.0,0.0,Europe,0.0,0.0,0.0,0.0
Iceland,0.0,0.0,0.0,0.0,0.0,0.0,0.0,0.0,0.0,0.0,0.0,0.0,Europe,0.0,0.0,0.0,0.0
Ireland,0.0,0.0,0.0,0.0,0.0,0.0,0.0,0.0,0.0,0.0,0.0,0.0,Europe,0.0,0.0,0.0,0.0
Isle of Man,0.0,0.0,0.0,0.0,0.0,0.0,0.0,0.0,0.0,0.0,0.0,0.0,Europe,0.0,0.0,0.0,0.0
Italy,6.0,1.0,0.0,0.0,0.0,0.0,5.0,1.0,0.0,11.0,8.0,0.0,Europe,3.0,4.0,5.0,0.0
Jersey,0.0,0.0,0.0,0.0,0.0,0.0,0.0,0.0,0.0,0.0,0.0,0.0,Europe,0.0,0.0,0.0,0.0
Latvia,0.0,0.0,0.0,0.0,0.0,0.0,0.0,0.0,0.0,0.0,0.0,0.0,Europe,0.0,0.0,0.0,0.0
Liechtenstein,0.0,0.0,0.0,0.0,0.0,0.0,0.0,0.0,0.0,0.0,0.0,0.0,Europe,0.0,0.0,0.0,0.0
Lithuania,0.0,0.0,0.0,0.0,0.0,0.0,0.0,0.0,0.0,0.0,0.0,0.0,Europe,0.0,0.0,0.0,0.0
Luxembourg,0.0,0.0,0.0,0.0,0.0,0.0,0.0,0.0,0.0,0.0,0.0,0.0,Europe,0.0,0.0,0.0,0.0
Malta,0.0,0.0,0.0,0.0,0.0,0.0,1.0,0.0,0.0,0.0,0.0,0.0,Europe,0.0,1.0,0.0,0.0
Monaco,0.0,0.0,0.0,0.0,0.0,0.0,0.0,0.0,0.0,0.0,0.0,0.0,Europe,0.0,0.0,0.0,0.0
Montenegro,0.0,0.0,0.0,0.0,0.0,0.0,1.0,0.0,0.0,0.0,0.0,0.0,Europe,0.0,1.0,0.0,0.0
Netherlands,0.0,0.0,0.0,0.0,0.0,0.0,0.0,0.0,0.0,0.0,0.0,0.0,Europe,0.0,0.0,0.0,0.0
North Macedonia,0.0,0.0,0.0,0.0,0.0,0.0,0.0,0.0,0.0,0.0,0.0,0.0,Europe,0.0,0.0,0.0,0.0
Norway,0.0,0.0,0.0,0.0,0.0,0.0,0.0,0.0,0.0,0.0,0.0,0.0,Europe,0.0,0.0,0.0,0.0
Poland,0.0,0.0,0.0,0.0,0.0,0.0,0.0,0.0,0.0,0.0,0.0,0.0,Europe,0.0,0.0,0.0,0.0
Portugal,1.0,1.0,0.0,5.0,3.0,0.0,1.0,0.0,0.0,2.0,0.0,0.0,Europe,2.0,1.0,0.0,2.0
Romania,2.0,2.0,0.0,0.0,0.0,0.0,0.0,0.0,0.0,0.0,0.0,0.0,Europe,0.0,0.0,0.0,0.0
San Marino,0.0,0.0,0.0,0.0,0.0,0.0,0.0,0.0,0.0,0.0,0.0,0.0,Europe,0.0,0.0,0.0,0.0
Serbia,0.0,0.0,0.0,0.0,0.0,0.0,0.0,0.0,0.0,0.0,0.0,0.0,Europe,0.0,0.0,0.0,0.0
Slovakia,0.0,0.0,0.0,0.0,0.0,0.0,0.0,0.0,0.0,0.0,0.0,0.0,Europe,0.0,0.0,0.0,0.0
Slovenia,0.0,0.0,0.0,0.0,0.0,0.0,0.0,0.0,0.0,0.0,0.0,0.0,Europe,0.0,0.0,0.0,0.0
Spain,3.0,3.0,0.0,8.0,1.0,1.0,23.0,8.0,0.0,4.0,3.0,0.0,Europe,1.0,15.0,0.0,6.0
Svalbard and Jan Mayen,0.0,0.0,0.0,0.0,0.0,0.0,0.0,0.0,0.0,0.0,0.0,0.0,Europe,0.0,0.0,0.0,0.0
Sweden,0.0,0.0,0.0,0.0,0.0,0.0,0.0,0.0,0.0,0.0,0.0,0.0,Europe,0.0,0.0,0.0,0.0
Switzerland,0.0,0.0,0.0,0.0,0.0,0.0,0.0,0.0,0.0,0.0,0.0,0.0,Europe,0.0,0.0,0.0,0.0
"United Kingdom of Great Britain and Northern
Ireland",0.0,0.0,0.0,1.0,0.0,0.0,0.0,0.0,0.0,0.0,0.0,0.0,Europe,0.0,0.0,0.0,1.0
Belize,0.0,0.0,0.0,0.0,0.0,0.0,2.0,1.0,0.0,0.0,0.0,0.0,Mesoamerica,0.0,1.0,0.0,0.0
Costa Rica,5.0,0.0,0.0,9.0,4.0,0.0,19.0,4.0,0.0,53.0,16.0,2.0,Mesoamerica,35.0,15.0,5.0,5.0
El Salvador,0.0,0.0,0.0,0.0,0.0,0.0,0.0,0.0,0.0,1.0,1.0,0.0,Mesoamerica,0.0,0.0,0.0,0.0
Guatemala,6.0,2.0,0.0,1.0,0.0,1.0,24.0,18.0,0.0,55.0,52.0,2.0,Mesoamerica,1.0,6.0,4.0,0.0
Honduras,6.0,1.0,1.0,1.0,1.0,0.0,51.0,44.0,0.0,60.0,54.0,2.0,Mesoamerica,4.0,7.0,4.0,0.0
Mexico,153.0,74.0,2.0,122.0,23.0,3.0,448.0,82.0,0.0,290.0,202.0,0.0,Mesoamerica,88.0,366.0,77.0,96.0
Nicaragua,2.0,0.0,0.0,0.0,0.0,0.0,4.0,1.0,0.0,8.0,8.0,0.0,Mesoamerica,0.0,3.0,2.0,0.0
Panama,12.0,2.0,0.0,9.0,4.0,0.0,32.0,3.0,0.0,51.0,37.0,1.0,Mesoamerica,13.0,29.0,10.0,5.0
Anguilla,0.0,0.0,0.0,0.0,0.0,0.0,2.0,2.0,0.0,0.0,0.0,0.0,Caribbean Islands,0.0,0.0,0.0,0.0
Antigua and Barbuda,0.0,0.0,0.0,1.0,1.0,0.0,8.0,3.0,1.0,1.0,0.0,0.0,Caribbean Islands,1.0,4.0,0.0,0.0
Aruba,0.0,0.0,0.0,0.0,0.0,0.0,2.0,0.0,0.0,0.0,0.0,0.0,Caribbean Islands,0.0,2.0,0.0,0.0
Bahamas,2.0,1.0,0.0,8.0,3.0,1.0,25.0,10.0,0.0,1.0,0.0,0.0,Caribbean Islands,1.0,15.0,1.0,4.0
Barbados,0.0,0.0,0.0,1.0,0.0,0.0,5.0,3.0,1.0,0.0,0.0,0.0,Caribbean Islands,0.0,1.0,0.0,1.0
Bermuda,0.0,0.0,0.0,5.0,0.0,5.0,1.0,1.0,0.0,0.0,0.0,0.0,Caribbean Islands,0.0,0.0,0.0,0.0
"Bonaire, Sint Eustatius and Saba",0.0,0.0,0.0,2.0,0.0,0.0,15.0,8.0,0.0,0.0,0.0,0.0,Caribbean Islands,0.0,7.0,0.0,2.0
Cayman Islands,19.0,9.0,0.0,28.0,8.0,1.0,135.0,37.0,0.0,67.0,48.0,0.0,Caribbean Islands,19.0,98.0,10.0,19.0
Cuba,0.0,0.0,5.0,0.0,0.0,1.0,2.0,1.0,0.0,0.0,0.0,0.0,Caribbean Islands,0.0,1.0,-5.0,-1.0
Curaçao,0.0,0.0,0.0,2.0,2.0,0.0,6.0,0.0,0.0,1.0,1.0,0.0,Caribbean Islands,0.0,6.0,0.0,0.0
Dominica,1.0,0.0,0.0,0.0,0.0,0.0,40.0,27.0,0.0,22.0,20.0,0.0,Caribbean Islands,2.0,13.0,1.0,0.0
Dominican Republic,0.0,0.0,1.0,2.0,1.0,0.0,0.0,0.0,0.0,1.0,1.0,0.0,Caribbean Islands,0.0,0.0,-1.0,1.0
Grenada,1.0,1.0,0.0,3.0,0.0,0.0,16.0,9.0,0.0,2.0,2.0,0.0,Caribbean Islands,0.0,7.0,0.0,3.0
Guadeloupe,2.0,0.0,0.0,0.0,0.0,2.0,45.0,38.0,1.0,30.0,30.0,0.0,Caribbean Islands,0.0,6.0,2.0,-2.0
Haiti,7.0,4.0,2.0,31.0,5.0,0.0,33.0,22.0,0.0,21.0,20.0,0.0,Caribbean Islands,1.0,11.0,1.0,26.0
Jamaica,0.0,0.0,2.0,0.0,0.0,0.0,3.0,1.0,0.0,0.0,0.0,0.0,Caribbean Islands,0.0,2.0,-2.0,0.0
Martinique,1.0,0.0,1.0,2.0,1.0,1.0,7.0,4.0,1.0,1.0,1.0,0.0,Caribbean Islands,0.0,2.0,0.0,0.0
Montserrat,0.0,0.0,0.0,1.0,1.0,0.0,6.0,2.0,0.0,0.0,0.0,0.0,Caribbean Islands,0.0,4.0,0.0,0.0
Puerto Rico,1.0,0.0,1.0,15.0,6.0,0.0,46.0,9.0,2.0,15.0,13.0,0.0,Caribbean Islands,2.0,35.0,0.0,9.0
Saint Barthélemy,0.0,0.0,0.0,0.0,0.0,0.0,1.0,0.0,0.0,0.0,0.0,0.0,Caribbean Islands,0.0,1.0,0.0,0.0
Saint Kitts and Nevis,0.0,0.0,0.0,1.0,1.0,0.0,0.0,0.0,0.0,0.0,0.0,0.0,Caribbean Islands,0.0,0.0,0.0,0.0
Saint Lucia,1.0,0.0,1.0,5.0,4.0,0.0,9.0,6.0,2.0,0.0,0.0,0.0,Caribbean Islands,0.0,1.0,0.0,1.0
Saint Martin (French part),0.0,0.0,0.0,0.0,0.0,0.0,0.0,0.0,0.0,0.0,0.0,0.0,Caribbean Islands,0.0,0.0,0.0,0.0
Saint Vincent and the Grenadines,2.0,0.0,1.0,3.0,2.0,0.0,5.0,2.0,0.0,1.0,1.0,0.0,Caribbean Islands,0.0,3.0,1.0,1.0
Sint Maarten (Dutch part),0.0,0.0,0.0,0.0,0.0,0.0,0.0,0.0,0.0,0.0,0.0,0.0,Caribbean Islands,0.0,0.0,0.0,0.0
Trinidad and Tobago,1.0,1.0,0.0,3.0,1.0,0.0,9.0,1.0,0.0,7.0,2.0,0.0,Caribbean Islands,5.0,8.0,0.0,2.0
Turks and Caicos Islands,0.0,0.0,0.0,0.0,0.0,0.0,8.0,5.0,0.0,0.0,0.0,0.0,Caribbean Islands,0.0,3.0,0.0,0.0
"Virgin Islands, British",0.0,0.0,0.0,0.0,0.0,0.0,7.0,6.0,0.0,0.0,0.0,0.0,Caribbean Islands,0.0,1.0,0.0,0.0
"Virgin Islands, U.S.",0.0,0.0,0.0,0.0,0.0,0.0,7.0,6.0,0.0,1.0,1.0,0.0,Caribbean Islands,0.0,1.0,0.0,0.0
Canada,5.0,1.0,0.0,0.0,0.0,0.0,0.0,0.0,0.0,0.0,0.0,0.0,North America,0.0,0.0,4.0,0.0
Saint Pierre and Miquelon,0.0,0.0,0.0,0.0,0.0,0.0,0.0,0.0,0.0,0.0,0.0,0.0,North America,0.0,0.0,0.0,0.0
United States of America,110.0,24.0,0.0,77.0,30.0,32.0,107.0,24.0,0.0,231.0,61.0,3.0,North America,167.0,83.0,86.0,15.0
Argentina,86.0,16.0,1.0,15.0,1.0,0.0,195.0,19.0,0.0,44.0,27.0,0.0,South America,17.0,176.0,69.0,14.0
"Bolivia, Plurinational State of",22.0,5.0,0.0,20.0,6.0,0.0,26.0,9.0,0.0,69.0,44.0,0.0,South America,25.0,17.0,17.0,14.0
Brazil,208.0,62.0,2.0,260.0,81.0,4.0,325.0,72.0,0.0,787.0,184.0,2.0,South America,601.0,253.0,144.0,175.0
Chile,17.0,4.0,0.0,10.0,4.0,0.0,74.0,24.0,0.0,42.0,30.0,0.0,South America,12.0,50.0,13.0,6.0
Colombia,46.0,15.0,0.0,91.0,41.0,1.0,150.0,20.0,0.0,379.0,224.0,0.0,South America,155.0,130.0,31.0,49.0
Ecuador,37.0,15.0,3.0,41.0,25.0,1.0,146.0,71.0,2.0,257.0,206.0,0.0,South America,51.0,73.0,19.0,15.0
Falkland Islands (Malvinas),1.0,0.0,1.0,3.0,0.0,0.0,0.0,0.0,0.0,0.0,0.0,0.0,South America,0.0,0.0,0.0,3.0
French Guiana,0.0,0.0,0.0,1.0,0.0,0.0,0.0,0.0,0.0,8.0,3.0,0.0,South America,5.0,0.0,0.0,1.0
Guyana,0.0,0.0,0.0,0.0,0.0,0.0,8.0,1.0,0.0,25.0,14.0,0.0,South America,11.0,7.0,0.0,0.0
Paraguay,2.0,1.0,0.0,0.0,0.0,0.0,4.0,2.0,0.0,1.0,1.0,0.0,South America,0.0,2.0,1.0,0.0
Peru,61.0,13.0,1.0,132.0,19.0,0.0,140.0,16.0,0.0,308.0,119.0,0.0,South America,189.0,124.0,47.0,113.0
Suriname,0.0,0.0,0.0,1.0,0.0,0.0,1.0,0.0,0.0,4.0,0.0,0.0,South America,4.0,1.0,0.0,1.0
Uruguay,3.0,0.0,0.0,0.0,0.0,0.0,1.0,0.0,1.0,0.0,0.0,0.0,South America,0.0,0.0,3.0,0.0
"Venezuela, Bolivarian Republic of",35.0,11.0,0.0,52.0,15.0,0.0,119.0,20.0,0.0,179.0,111.0,1.0,South America,67.0,99.0,24.0,37.0
American Samoa,0.0,0.0,0.0,0.0,0.0,0.0,0.0,0.0,0.0,0.0,0.0,0.0,Oceania,0.0,0.0,0.0,0.0
Australia,260.0,59.0,25.0,359.0,41.0,6.0,916.0,67.0,0.0,232.0,46.0,5.0,Oceania,181.0,849.0,176.0,312.0
Christmas Island,4.0,1.0,3.0,3.0,1.0,0.0,5.0,2.0,3.0,0.0,0.0,0.0,Oceania,0.0,0.0,0.0,2.0
Cocos (Keeling) Islands,0.0,0.0,0.0,0.0,0.0,0.0,0.0,0.0,0.0,0.0,0.0,0.0,Oceania,0.0,0.0,0.0,0.0
Cook Islands,0.0,0.0,0.0,7.0,2.0,1.0,1.0,1.0,0.0,0.0,0.0,0.0,Oceania,0.0,0.0,0.0,4.0
Fiji,1.0,1.0,0.0,36.0,6.0,1.0,15.0,11.0,0.0,2.0,0.0,0.0,Oceania,2.0,4.0,0.0,29.0
French Polynesia,0.0,0.0,0.0,45.0,22.0,14.0,0.0,0.0,0.0,0.0,0.0,0.0,Oceania,0.0,0.0,0.0,9.0
Guam,1.0,0.0,1.0,5.0,1.0,4.0,0.0,0.0,0.0,0.0,0.0,0.0,Oceania,0.0,0.0,0.0,0.0
Kiribati,0.0,0.0,0.0,2.0,1.0,1.0,0.0,0.0,0.0,0.0,0.0,0.0,Oceania,0.0,0.0,0.0,0.0
Marshall Islands,0.0,0.0,0.0,0.0,0.0,0.0,0.0,0.0,0.0,0.0,0.0,0.0,Oceania,0.0,0.0,0.0,0.0
"Micronesia, Federated States of",3.0,3.0,0.0,22.0,7.0,2.0,3.0,2.0,0.0,0.0,0.0,0.0,Oceania,0.0,1.0,0.0,13.0
Nauru,0.0,0.0,0.0,1.0,0.0,0.0,0.0,0.0,0.0,0.0,0.0,0.0,Oceania,0.0,0.0,0.0,1.0
New Caledonia,6.0,5.0,0.0,27.0,9.0,1.0,100.0,68.0,0.0,0.0,0.0,0.0,Oceania,0.0,32.0,1.0,17.0
New Zealand,4.0,4.0,0.0,91.0,41.0,19.0,70.0,49.0,1.0,4.0,3.0,0.0,Oceania,1.0,20.0,0.0,31.0
Niue,0.0,0.0,0.0,0.0,0.0,0.0,1.0,1.0,0.0,0.0,0.0,0.0,Oceania,0.0,0.0,0.0,0.0
Norfolk Island,0.0,0.0,0.0,5.0,2.0,2.0,0.0,0.0,0.0,0.0,0.0,0.0,Oceania,0.0,0.0,0.0,1.0
Northern Mariana Islands,0.0,0.0,0.0,7.0,3.0,2.0,0.0,0.0,0.0,0.0,0.0,0.0,Oceania,0.0,0.0,0.0,2.0
Palau,1.0,0.0,1.0,13.0,1.0,0.0,9.0,1.0,0.0,1.0,0.0,0.0,Oceania,1.0,8.0,0.0,12.0
Papua New Guinea,85.0,26.0,0.0,112.0,18.0,0.0,121.0,5.0,0.0,287.0,25.0,0.0,Oceania,262.0,116.0,59.0,94.0
Pitcairn,0.0,0.0,0.0,6.0,6.0,0.0,0.0,0.0,0.0,0.0,0.0,0.0,Oceania,0.0,0.0,0.0,0.0
Samoa,2.0,0.0,2.0,8.0,2.0,0.0,0.0,0.0,0.0,0.0,0.0,0.0,Oceania,0.0,0.0,0.0,6.0
Solomon Islands,19.0,15.0,0.0,68.0,6.0,2.0,17.0,3.0,0.0,3.0,2.0,0.0,Oceania,1.0,14.0,4.0,60.0
Tokelau,0.0,0.0,0.0,0.0,0.0,0.0,0.0,0.0,0.0,0.0,0.0,0.0,Oceania,0.0,0.0,0.0,0.0
Tonga,0.0,0.0,0.0,3.0,1.0,1.0,2.0,1.0,1.0,0.0,0.0,0.0,Oceania,0.0,0.0,0.0,1.0
Tuvalu,0.0,0.0,0.0,0.0,0.0,0.0,1.0,1.0,0.0,0.0,0.0,0.0,Oceania,0.0,0.0,0.0,0.0
United States Minor Outlying Islands,0.0,0.0,0.0,1.0,0.0,1.0,0.0,0.0,0.0,0.0,0.0,0.0,Oceania,0.0,0.0,0.0,0.0
Vanuatu,2.0,2.0,0.0,11.0,1.0,1.0,9.0,2.0,0.0,0.0,0.0,0.0,Oceania,0.0,7.0,0.0,9.0
Wallis and Futuna,0.0,0.0,0.0,0.0,0.0,0.0,0.0,0.0,0.0,0.0,0.0,0.0,Oceania,0.0,0.0,0.0,0.0
